,N°,Compuesto,IUPAC,Formula,SMILE,Plantas a las que pertenecen,MaxAbsEStateIndex,MaxEStateIndex,MinAbsEStateIndex,MinEStateIndex,qed,SPS,MolWt,HeavyAtomMolWt,ExactMolWt,NumValenceElectrons,NumRadicalElectrons,MaxPartialCharge,MinPartialCharge,MaxAbsPartialCharge,MinAbsPartialCharge,FpDensityMorgan1,FpDensityMorgan2,FpDensityMorgan3,BCUT2D_MWHI,BCUT2D_MWLOW,BCUT2D_CHGHI,BCUT2D_CHGLO,BCUT2D_LOGPHI,BCUT2D_LOGPLOW,BCUT2D_MRHI,BCUT2D_MRLOW,AvgIpc,BalabanJ,BertzCT,Chi0,Chi0n,Chi0v,Chi1,Chi1n,Chi1v,Chi2n,Chi2v,Chi3n,Chi3v,Chi4n,Chi4v,HallKierAlpha,Ipc,Kappa1,Kappa2,Kappa3,LabuteASA,PEOE_VSA1,PEOE_VSA10,PEOE_VSA11,PEOE_VSA12,PEOE_VSA13,PEOE_VSA14,PEOE_VSA2,PEOE_VSA3,PEOE_VSA4,PEOE_VSA5,PEOE_VSA6,PEOE_VSA7,PEOE_VSA8,PEOE_VSA9,SMR_VSA1,SMR_VSA10,SMR_VSA2,SMR_VSA3,SMR_VSA4,SMR_VSA5,SMR_VSA6,SMR_VSA7,SMR_VSA8,SMR_VSA9,SlogP_VSA1,SlogP_VSA10,SlogP_VSA11,SlogP_VSA12,SlogP_VSA2,SlogP_VSA3,SlogP_VSA4,SlogP_VSA5,SlogP_VSA6,SlogP_VSA7,SlogP_VSA8,SlogP_VSA9,TPSA,EState_VSA1,EState_VSA10,EState_VSA11,EState_VSA2,EState_VSA3,EState_VSA4,EState_VSA5,EState_VSA6,EState_VSA7,EState_VSA8,EState_VSA9,VSA_EState1,VSA_EState10,VSA_EState2,VSA_EState3,VSA_EState4,VSA_EState5,VSA_EState6,VSA_EState7,VSA_EState8,VSA_EState9,FractionCSP3,HeavyAtomCount,NHOHCount,NOCount,NumAliphaticCarbocycles,NumAliphaticHeterocycles,NumAliphaticRings,NumAmideBonds,NumAromaticCarbocycles,NumAromaticHeterocycles,NumAromaticRings,NumAtomStereoCenters,NumBridgeheadAtoms,NumHAcceptors,NumHDonors,NumHeteroatoms,NumHeterocycles,NumRotatableBonds,NumSaturatedCarbocycles,NumSaturatedHeterocycles,NumSaturatedRings,NumSpiroAtoms,NumUnspecifiedAtomStereoCenters,Phi,RingCount,MolLogP,MolMR,fr_Al_COO,fr_Al_OH,fr_Al_OH_noTert,fr_ArN,fr_Ar_COO,fr_Ar_N,fr_Ar_NH,fr_Ar_OH,fr_COO,fr_COO2,fr_C_O,fr_C_O_noCOO,fr_C_S,fr_HOCCN,fr_Imine,fr_NH0,fr_NH1,fr_NH2,fr_N_O,fr_Ndealkylation1,fr_Ndealkylation2,fr_Nhpyrrole,fr_SH,fr_aldehyde,fr_alkyl_carbamate,fr_alkyl_halide,fr_allylic_oxid,fr_amide,fr_amidine,fr_aniline,fr_aryl_methyl,fr_azide,fr_azo,fr_barbitur,fr_benzene,fr_benzodiazepine,fr_bicyclic,fr_diazo,fr_dihydropyridine,fr_epoxide,fr_ester,fr_ether,fr_furan,fr_guanido,fr_halogen,fr_hdrzine,fr_hdrzone,fr_imidazole,fr_imide,fr_isocyan,fr_isothiocyan,fr_ketone,fr_ketone_Topliss,fr_lactam,fr_lactone,fr_methoxy,fr_morpholine,fr_nitrile,fr_nitro,fr_nitro_arom,fr_nitro_arom_nonortho,fr_nitroso,fr_oxazole,fr_oxime,fr_para_hydroxylation,fr_phenol,fr_phenol_noOrthoHbond,fr_phos_acid,fr_phos_ester,fr_piperdine,fr_piperzine,fr_priamide,fr_prisulfonamd,fr_pyridine,fr_quatN,fr_sulfide,fr_sulfonamd,fr_sulfone,fr_term_acetylene,fr_tetrazole,fr_thiazole,fr_thiocyan,fr_thiophene,fr_unbrch_alkane,fr_urea
0,1,Apigenina,"5,7-dihidroxi-2-(4-hidroxifenil)cromen-4-ona",C15H10O5,C1=CC(=CC=C1C2=CC(=O)C3=C(C=C(C=C3O2)O)O)O,1; 5;14;22;24;28,12.02090955,12.02090955,0.018822541,-0.410347222,0.631832936,10.8,270.24,260.16,270.0528234,100,0,0.196579154,-0.507966213,0.507966213,0.196579154,0.85,1.55,2.25,16.3408728,10.10713253,2.114961295,-2.048911185,2.302073656,-2.001356127,5.854877504,0.452070654,2.375360588,2.289397286,846.5071387,14.2756564,10.19958925,10.19958925,9.541713896,5.836610842,5.836610842,4.359807077,4.359807077,2.946443621,2.946443621,2.021882176,2.021882176,-2.95,38062.77807,12.10276211,4.307802294,1.948260708,112.519202,19.73673312,33.97802727,5.428790392,0,0,0,4.794537184,0,0,0,0,24.26546827,23.7625527,0,19.73673312,10.96924436,0,0,0,0,0,52.68789706,0,28.57223441,5.428790392,0,17.2485355,0,15.31958218,0,0,0,51.6762576,0,22.29294327,0,90.9,5.428790392,20.11411937,0,33.97802727,5.563451492,6.066367068,24.26546827,12.13273414,0,0,4.417150937,5.528562925,0,12.02090955,28.38546305,0.286604308,-0.132696995,9.744490492,0,0,0,0,20,3,5,0,0,0,0,2,1,3,0,0,5,3,5,1,1,0,0,0,0,0,2.606815318,3,2.5768,72.9144,0,0,0,0,0,0,0,3,0,0,0,0,0,0,0,0,0,0,0,0,0,0,0,0,0,0,0,0,0,0,0,0,0,0,2,0,1,0,0,0,0,0,0,0,0,0,0,0,0,0,0,0,0,0,0,0,0,0,0,0,0,0,0,0,0,3,3,0,0,0,0,0,0,0,0,0,0,0,0,0,0,0,0,0,0
1,2,Luteolina,"2-(3,4-dihidroxifenil)-5,7-dihidroxicromen-4-ona",C15H10O6,C1=CC(=C(C=C1C2=CC(=O)C3=C(C=C(C=C3O2)O)O)O)O,1;5;14;17;18;22;23;24;28;32;40,12.04333727,12.04333727,0.0162637,-0.489523337,0.510622347,10.85714286,286.239,276.159,286.047738,106,0,0.196579174,-0.507678166,0.507678166,0.196579174,0.80952381,1.571428571,2.285714286,16.34152907,10.10012122,2.126193814,-2.058357717,2.330619202,-2.001886558,5.85595546,0.403552811,2.400453973,2.294345957,909.916285,15.14589989,10.56945258,10.56945258,9.952397498,5.976884306,5.976884306,4.516426576,4.516426576,3.054552955,3.054552955,2.072890025,2.072890025,-3.15,56060.20208,12.86225184,4.447829199,2.121592092,117.3134358,24.84326052,28.22851544,16.92781406,0,0,0,4.794537184,0,0,0,0,18.19910121,23.7625527,0,24.84326052,10.96924436,0,0,0,0,0,46.62152999,0,34.32174624,5.428790392,0,22.99804733,0,20.42610958,0,0,0,45.60989053,0,22.29294327,0,111.13,5.428790392,25.22064676,0,39.72753911,5.563451492,12.13273414,24.26546827,0,0,0,4.417150937,5.472451814,0,12.04333727,37.85225638,-0.105544218,-1.13270025,7.370199004,0,0,0,0,21,4,6,0,0,0,0,2,1,3,0,0,6,4,6,1,1,0,0,0,0,0,2.724242824,3,2.2824,74.5792,0,0,0,0,0,0,0,4,0,0,0,0,0,0,0,0,0,0,0,0,0,0,0,0,0,0,0,0,0,0,0,0,0,0,2,0,1,0,0,0,0,0,0,0,0,0,0,0,0,0,0,0,0,0,0,0,0,0,0,0,0,0,0,0,0,4,4,0,0,0,0,0,0,0,0,0,0,0,0,0,0,0,0,0,0
2,3,Escopoletina,7-hidroxi-6-metoxicromen-2-ona,C10H8O4,COC1=C(C=C2C(=C1)C=CC(=O)O2)O,1;11,10.86964908,10.86964908,0.046898148,-0.442530707,0.695448164,10.35714286,192.17,184.106,192.0422587,72,0,0.335692575,-0.504161507,0.504161507,0.335692575,1.357142857,2.142857143,2.857142857,16.47450086,10.19006651,2.047227659,-2.031565374,2.29569427,-1.941331227,5.799662817,0.37326922,2.163052509,2.790435294,527.1233034,10.12939203,7.481359544,7.481359544,6.7027086,4.01373581,4.01373581,2.816314032,2.816314032,1.920815796,1.920815796,1.247285731,1.247285731,-1.97,1791.007477,8.620407991,3.064077896,1.305433443,79.35212767,14.26054129,5.583020142,11.49902367,0,0,5.625586319,0,4.794537184,0,0,0,12.13273414,17.51895835,7.109797541,14.26054129,10.96924436,0,0,0,0,7.109797541,34.68559178,0,11.49902367,10.36244927,0,11.49902367,0,12.21632494,0,0,0,33.47715639,0,10.96924436,0,59.67,5.625586319,9.901064579,0,5.749511833,16.71875619,0,19.24253168,12.13273414,0,0,9.154013891,9.784358229,0,10.86964908,10.12002079,-0.099197373,0.306202759,5.893969199,0,0,1.458330656,0.1,14,1,4,0,0,0,0,1,1,2,0,0,4,1,4,1,1,0,0,0,0,0,1.886685827,2,1.5072,50.7008,0,0,0,0,0,0,0,1,0,0,0,0,0,0,0,0,0,0,0,0,0,0,0,0,0,0,0,0,0,0,0,0,0,0,1,0,1,0,0,0,0,1,0,0,0,0,0,0,0,0,0,0,0,0,0,1,0,0,0,0,0,0,0,0,0,1,1,0,0,0,0,0,0,0,0,0,0,0,0,0,0,0,0,0,0
3,4,Betulina,"(1 R ,3 a S ,5 a R ,5 b R ,7 a R ,9 S ,11 a R ,11 b R ,13 a R ,13 b R )-3 a -(hidroximetil)-5 a ,5 b ,8,8,11 a -pentametil-1-prop-1-en-2-il-1,2,3,4,5,6,7,7 a ,9,10,11,11 b ,12,13,13 a ,13 b -hexadecahidrociclopenta[a]crisen-9-ol",C30H50O2,CC(=C)[C@@H]1CC[C@]2([C@H]1[C@H]3CC[C@@H]4[C@]5(CC[C@@H](C([C@@H]5CC[C@]4([C@@]3(CC2)C)C)(C)C)O)C)CO,1,10.89621312,10.89621312,0.028958883,-0.146739214,0.452089245,56.5,442.728,392.328,442.3810808,182,0,0.05937486,-0.395786964,0.395786964,0.05937486,0.8125,1.53125,2.1875,16.26862164,9.320065963,2.702229728,-2.72565483,2.769585699,-2.663855228,5.210720311,-0.248930323,3.120242415,1.548850733,785.7010978,23.31962648,21.84381018,21.84381018,14.87244533,13.81660959,13.81660959,14.58207341,14.58207341,13.53375859,13.53375859,11.54792374,11.54792374,-0.34,13174983.34,23.40413173,7.094264935,2.662335393,197.192281,10.21305479,0,0,0,0,0,0,0,0,0,46.77072621,127.796436,6.606881965,6.103966388,10.21305479,0,0,0,56.66448258,111.8546058,6.606881965,12.15204021,0,0,0,0,0,0,22.92390314,0,56.66448258,105.7506394,12.15204021,0,0,0,40.46,0,10.21305479,0,16.93394733,40.60557151,18.25663372,63.36049914,0,0,48.12135888,0,0,0,0,21.54307363,2.601419853,3.328986808,0,12.21750363,19.72568275,0,0.933333333,32,2,2,5,0,5,0,0,0,0,10,0,2,2,2,0,2,5,0,5,0,0,5.188597221,5,6.9972,132.0616,0,2,2,0,0,0,0,0,0,0,0,0,0,0,0,0,0,0,0,0,0,0,0,0,0,0,1,0,0,0,0,0,0,0,0,0,7,0,0,0,0,0,0,0,0,0,0,0,0,0,0,0,0,0,0,0,0,0,0,0,0,0,0,0,0,0,0,0,0,0,0,0,0,0,0,0,0,0,0,0,0,0,0,0,0
4,5,Betulinaldehido,"(1 R ,3 a S ,5 a R ,5 b R ,7 a R ,9 S ,11 a R ,11 b R ,13 a R ,13 b R )-9-hidroxi-5 a ,5 b ,8,8,11 a -pentametil-1-prop-1-en-2-il-1,2,3,4,5,6,7,7 a ,9,10,11,11 b ,12,13,13 a ,13 b -hexadecahidrociclopenta[a]criseno-3 a -carbaldehído",C30H48O2,C=C(C)[C@@H]1CC[C@]2(C=O)CC[C@]3(C)[C@H](CC[C@@H]4[C@@]5(C)CC[C@H](O)C(C)(C)[C@@H]5CC[C@]43C)[C@@H]12,1,12.56069154,12.56069154,0.015694421,-0.15781589,0.363867731,56.34375,440.712,392.328,440.3654308,180,0,0.125950349,-0.392562008,0.392562008,0.125950349,0.84375,1.5625,2.21875,16.26839472,9.320368534,2.703620529,-2.723414337,2.767986337,-2.662914567,5.617002308,-0.24503581,3.120242415,1.555872797,813.6492337,23.31962648,21.67508836,21.67508836,14.87244533,13.67120582,13.67120582,14.41260147,14.41260147,13.34544232,13.34544232,11.39366086,11.39366086,-0.63,13174983.34,23.12778188,6.955693527,2.598956753,196.5595694,9.901064579,6.286160523,0,0,0,0,0,0,0,0,46.77072621,122.3814455,5.414990469,6.103966388,9.901064579,6.286160523,0,0,56.66448258,111.8546058,0,12.15204021,0,0,0,0,0,0,17.49665431,4.794537184,56.66448258,105.7506394,12.15204021,0,0,0,37.3,0,9.901064579,0,16.93394733,39.91659559,31.60119254,50.38419479,0,0,48.12135888,0,0,0,12.56069154,10.88682374,2.202033492,3.026429331,0,13.05708867,19.18359989,0,0.9,32,1,2,5,0,5,0,0,0,0,10,0,2,1,2,0,2,5,0,5,0,0,5.027180086,5,7.2038,131.0398,0,1,1,0,0,0,0,0,0,0,1,1,0,0,0,0,0,0,0,0,0,0,0,1,0,0,1,0,0,0,0,0,0,0,0,0,7,0,0,0,0,0,0,0,0,0,0,0,0,0,0,0,0,0,0,0,0,0,0,0,0,0,0,0,0,0,0,0,0,0,0,0,0,0,0,0,0,0,0,0,0,0,0,0,0
5,6,Fitol o phytol,"( E ,7R , 11R ) -3,7,11,15-tetrametilhexadec-2-en-1-ol",C20H40O,C[C@@H](CCC[C@@H](C)CCC/C(=C/CO)/C)CCCC(C)C,1,8.82873281,8.82873281,0.190560021,0.190560021,0.391756071,15.47619048,296.539,256.219,296.3079159,126,0,0.061443327,-0.392297371,0.392297371,0.061443327,0.80952381,1.285714286,1.761904762,16.24950109,9.914014115,2.061403675,-2.14713654,2.214288072,-1.999054612,4.968090186,0.340915254,2.381477632,3.516209888,254.5640291,16.08757567,15.32768248,15.32768248,9.95159616,9.217347111,9.217347111,7.591277127,7.591277127,4.580031183,4.580031183,2.965272264,2.965272264,-0.3,25436.56258,20.7,13.36896311,14.40363369,133.7777819,5.106527395,0,0,0,0,0,0,0,0,0,84.2898248,37.51909858,0,6.606881965,5.106527395,0,0,0,17.75371814,92.4060806,6.606881965,11.64912464,0,0,0,0,0,0,11.71340936,0,17.75371814,92.4060806,11.64912464,0,0,0,20.23,0,0,0,6.606881965,0,24.17453976,56.93967751,0,6.076020107,34.618686,5.106527395,0,0,0,8.82873281,1.336550672,2.625957736,0,14.09170929,11.78371616,0,0.9,21,1,1,0,0,0,0,0,0,0,2,0,1,1,1,0,13,0,0,0,0,0,13.17797792,0,6.3641,95.5618,0,1,1,0,0,0,0,0,0,0,0,0,0,0,0,0,0,0,0,0,0,0,0,0,0,0,1,0,0,0,0,0,0,0,0,0,0,0,0,0,0,0,0,0,0,0,0,0,0,0,0,0,0,0,0,0,0,0,0,0,0,0,0,0,0,0,0,0,0,0,0,0,0,0,0,0,0,0,0,0,0,0,0,0,0
6,7,Efusanina A,"(1 S ,2 S ,5 R ,8 S ,9 S ,10 S ,11 R ,15 S )-9,10,15-trihidroxi-12,12-dimetil-6-metilideno-17-oxapentaciclo[7.6.2.1 5,8 .0 1,11 .0 2,8 ]octadecan-7-ona",C20H28O5,CC1(CC[C@@H]([C@]23[C@@H]1[C@@H]([C@]([C@]45[C@H]2CC[C@H](C4)C(=C)C5=O)(OC3)O)O)O)C,1,13.29049769,13.29049769,0.061591317,-1.867453704,0.576271525,58.84,348.439,320.215,348.193674,138,0,0.205387673,-0.392434676,0.392434676,0.205387673,1.2,1.92,2.64,16.64501526,9.358573367,2.837150027,-2.737690535,2.758932035,-2.831689311,6.037161169,-0.448177772,2.753554862,1.785340525,685.5739978,17.99119935,14.99463618,14.99463618,11.62733374,9.588194002,9.588194002,9.919749515,9.919749515,8.806959638,8.806959638,7.817052724,7.817052724,-0.75,517552.6648,16.42558149,4.382230815,1.444614769,147.612161,20.05644514,6.103966388,5.783244946,5.787111153,0,0,4.794537184,0,0,0,20.42641008,54.92801521,11.33289652,18.12583882,24.85098232,5.783244946,0,0,33.99868955,63.94662644,6.606881965,12.15204021,0,0,0,0,0,0,45.70475302,9.531400138,33.99868955,45.95158251,12.15204021,0,0,0,86.99,28.82502487,20.11411937,0,35.55883552,18.41474778,19.26246487,0,0,0,20.42641008,4.736862954,5.89337963,0,13.29049769,33.99867252,-1.475210105,-2.393158777,0,1.771544785,8.414274258,0,0.85,25,3,5,4,2,6,0,0,0,0,8,4,5,3,5,2,0,4,2,6,2,0,2.879227574,6,1.4048,89.2644,0,3,2,0,0,0,0,0,0,0,1,1,0,0,0,0,0,0,0,0,0,0,0,0,0,0,1,0,0,0,0,0,0,0,0,0,2,0,0,0,0,1,0,0,0,0,0,0,0,0,0,1,1,0,0,0,0,0,0,0,0,0,0,0,0,0,0,0,0,0,0,0,0,0,0,0,0,0,0,0,0,0,0,0,0
7,8,_-sitosterol,"( 3S ,8S , 9S , 10R , 13R , 14S , 17R ) -17-[(2R , 5R ) -5-etil-6-metilheptan-2-il]-10,13-dimetil-2,3,4,7,8,9,11,12,14,15,16,17-dodecahidro-1H- ciclopenta [a]fenantren-3-ol",C29H50O,CC[C@H](CC[C@@H](C)[C@H]1CC[C@@H]2[C@@]1(CC[C@H]3[C@H]2CC=C4[C@@]3(CC[C@@H](C4)O)C)C)C(C)C,1;9;29,10.24630669,10.24630669,0.079418717,-0.079418717,0.436095642,45.33333333,414.718,364.318,414.3861662,172,0,0.057740057,-0.392796685,0.392796685,0.057740057,1,1.766666667,2.466666667,16.26594658,9.466332867,2.585612298,-2.5808684,2.669078202,-2.504066287,5.24988548,-0.057491076,3.056125056,1.473146004,634.2748375,21.6814338,20.92154061,20.92154061,14.20237971,13.57853343,13.57853343,12.85131142,12.85131142,11.29812663,11.29812663,9.303999769,9.303999769,-0.3,5568103.989,22.87835199,8.566935876,3.736228854,187.0389363,5.106527395,0,0,0,0,0,0,0,0,0,66.03319108,110.0427179,0,6.103966388,5.106527395,0,0,0,52.25532326,118.2754274,0,11.64912464,0,0,0,0,0,0,11.21049378,0,52.25532326,112.1714611,11.64912464,0,0,0,20.23,0,5.106527395,0,6.103966388,10.82998094,54.26698557,57.78739461,5.57310453,0,47.6184433,0,0,0,0,10.24630669,2.585870339,6.307361315,0,17.10168647,15.09210852,0,0.931034483,30,1,1,4,0,4,0,0,0,0,9,0,1,1,1,0,6,3,0,3,0,0,6.533245815,4,8.0248,128.2168,0,1,1,0,0,0,0,0,0,0,0,0,0,0,0,0,0,0,0,0,0,0,0,0,0,0,1,0,0,0,0,0,0,0,0,0,5,0,0,0,0,0,0,0,0,0,0,0,0,0,0,0,0,0,0,0,0,0,0,0,0,0,0,0,0,0,0,0,0,0,0,0,0,0,0,0,0,0,0,0,0,0,0,0,0
8,9,Estigmasterol,"(3S,8S,9S,10R,13R,14S,17R)-17-[(E,2R,5S)-5-etil-6-metilhept-3-en-2-il]-10,13-dimetil-2,3,4,7,8,9,11,12,14,15,16,17-dodecahidro-1H-ciclopenta[a]fenantren-3-ol",C29H48O,CC[C@H](/C=C/[C@@H](C)[C@H]1CC[C@@H]2[C@@]1(CC[C@H]3[C@H]2CC=C4[C@@]3(CC[C@@H](C4)O)C)C)C(C)C,1,10.23987589,10.23987589,0.087023171,-0.087023171,0.456599844,45.6,412.702,364.318,412.3705162,170,0,0.057740057,-0.392796685,0.392796685,0.057740057,1.033333333,1.8,2.5,16.26594632,9.467031346,2.584615626,-2.57988924,2.667323249,-2.503378283,5.251723717,-0.054042338,3.056125056,1.520117543,673.8510644,21.6814338,20.66202759,20.66202759,14.20237971,13.26203685,13.26203685,12.44446915,12.44446915,10.77550633,10.77550633,8.827766544,8.827766544,-0.56,5568103.989,22.62743358,8.416812456,3.655528089,186.3493333,5.106527395,0,0,0,0,0,0,0,0,0,65.34358805,110.0427179,0,6.103966388,5.106527395,0,0,0,52.25532326,105.4337842,0,23.80116485,0,0,0,0,0,0,11.21049378,0,52.25532326,99.3298178,23.80116485,0,0,0,20.23,0,5.106527395,0,6.103966388,16.74788698,48.34907952,44.94575136,5.57310453,0,59.77048352,0,0,0,0,10.23987589,2.50946216,5.696640652,0,19.0808634,14.80649124,0,0.862068966,30,1,1,4,0,4,0,0,0,0,9,0,1,1,1,0,5,3,0,3,0,0,6.34836216,4,7.8008,128.1228,0,1,1,0,0,0,0,0,0,0,0,0,0,0,0,0,0,0,0,0,0,0,0,0,0,0,3,0,0,0,0,0,0,0,0,0,5,0,0,0,0,0,0,0,0,0,0,0,0,0,0,0,0,0,0,0,0,0,0,0,0,0,0,0,0,0,0,0,0,0,0,0,0,0,0,0,0,0,0,0,0,0,0,0,0
9,10,Juncusol,"5-etenil-1,6-dimetil-9,10-dihidrofenantreno-2,7-diol",C18H18O2,CC1=C(C=CC2=C1CCC3=CC(=C(C(=C32)C=C)C)O)O,1,10.04611998,10.04611998,0.331111374,0.331111374,0.814640991,12.7,266.34,248.196,266.1306798,102,0,0.118898751,-0.507675873,0.507675873,0.118898751,1.05,1.8,2.5,16.25725616,9.794033404,2.228017177,-2.250936608,2.427874397,-2.079038874,5.847573683,0.468159417,2.439360388,2.394004795,726.9285733,14.43879311,11.82514861,11.82514861,9.540912558,6.839277673,6.839277673,5.408417936,5.408417936,4.377282901,4.377282901,3.174811721,3.174811721,-2.22,39795.72537,12.79567189,4.410306001,1.644766646,118.5711833,10.21305479,11.49902367,0,0,0,0,0,0,0,0,18.72132286,77.76601222,0,0,10.21305479,6.076020107,0,0,0,26.68911765,0,52.59529435,0,22.62592665,0,0,11.49902367,0,10.21305479,12.84164325,13.8474744,27.81725746,24.77803689,0,17.20292309,0,40.46,0,10.21305479,0,0,11.49902367,46.2223522,5.563451492,6.066367068,32.05622864,6.578935684,0,0,0,0,19.93441306,7.460868292,0.680975582,5.583601663,3.577514172,7.762627236,0,0.222222222,20,2,2,1,0,1,0,2,0,2,0,0,2,2,2,0,1,0,0,0,0,0,2.821641425,3,4.12324,82.1806,0,0,0,0,0,0,0,2,0,0,0,0,0,0,0,0,0,0,0,0,0,0,0,0,0,0,0,0,0,0,1,0,0,0,2,0,3,0,0,0,0,0,0,0,0,0,0,0,0,0,0,0,0,0,0,0,0,0,0,0,0,0,0,0,0,2,2,0,0,0,0,0,0,0,0,0,0,0,0,0,0,0,0,0,0
10,11,Effusol,"5-etenil-1-metil-9,10-dihidrofenantreno-2,7-diol",C17H16O2,CC1=C(C=CC2=C1CCC3=C2C(=CC(=C3)O)C=C)O,1,9.833702024,9.833702024,0.284815077,0.284815077,0.809735113,12.68421053,252.313,236.185,252.1150298,96,0,0.118299565,-0.507932907,0.507932907,0.118299565,1.157894737,1.947368421,2.684210526,16.25692659,9.806841854,2.211535631,-2.238006589,2.410964164,-2.068347833,5.830972184,0.469237038,2.408208011,2.350804474,684.1467999,13.56854962,10.90249888,10.90249888,9.113392203,6.416627943,6.416627943,5.009047315,5.009047315,3.938741448,3.938741448,2.95638414,2.95638414,-2.22,25996.60547,11.84717431,4.161733705,1.716597844,112.2062412,10.21305479,11.49902367,0,0,0,0,0,0,0,0,18.72132286,71.3451906,0,0,10.21305479,6.076020107,0,0,0,19.76538045,0,53.09820992,0,22.62592665,0,0,11.49902367,0,10.21305479,12.84164325,6.9237372,22.25380597,30.84440396,0,17.20292309,0,40.46,0,10.21305479,0,5.749511833,5.749511833,40.6589007,5.563451492,18.20875424,19.05647134,6.578935684,0,0,0,0,19.59278497,6.518200586,0.633084898,7.263182162,3.541977513,5.784103206,0,0.176470588,19,2,2,1,0,1,0,2,0,2,0,0,2,2,2,0,1,0,0,0,0,0,2.594988665,3,3.81482,77.4436,0,0,0,0,0,0,0,2,0,0,0,0,0,0,0,0,0,0,0,0,0,0,0,0,0,0,0,0,0,0,1,0,0,0,2,0,3,0,0,0,0,0,0,0,0,0,0,0,0,0,0,0,0,0,0,0,0,0,0,0,0,0,0,0,0,2,2,0,0,0,0,0,0,0,0,0,0,0,0,0,0,0,0,0,0
11,12,Ginsenoside Rb1,"(2R,3R,4S,5S,6R)-2-[[(2R,3S,4S,5R,6S)-6-[(2S)-2-[(3S,5R,8R,9R,10R,12R,13R,14R,17S)-3-[(2R,3R,4S,5S,6R)-4,5-dihidroxi-6-(hidroximetil)-3-[(2S,3R,4S,5S,6R)-3,4,5-trihidroxi-6-(hidroximetil)oxan-2-il]oxioxan-2-il] oxi-12-hidroxi-4,4,8,10,14-pentametil-2,3,5,6,7,9,11,12,13,15,16,17-dodecahidro-1H-ciclopenta[a]fenantren-17-il]-6-metilhept-5-en-2-il]oxi-3,4,5-trihidroxioxan-2-il]metoxi]-6-(hidroximetil)oxano-3,4,5-triol",C54H92O23,CC(=CCC[C@@](C)([C@H]1CC[C@@]2([C@@H]1[C@@H](C[C@H]3[C@]2(CC[C@@H]4[C@@]3(CC[C@@H](C4(C)C)O[C@H]5[C@@H]([C@H]([C@@H]([C@H](O5)CO)O)O)O[C@H]6[C@@H]([C@H]([C@@H]([C@H](O6)CO)O)O)O)C)C)O)C)O[C@H]7[C@@H]([C@H]([C@@H]([C@H](O7)CO[C@H]8[C@@H]([C@H]([C@@H]([C@H](O8)CO)O)O)O)O)O)O)C,2,12.84175233,12.84175233,0.03736157,-1.817326031,0.057587447,52.66233766,1109.307,1016.571,1108.602939,446,0,0.186891777,-0.393566515,0.393566515,0.186891777,0.545454545,1.051948052,1.636363636,16.76297704,9.347510781,2.720524317,-2.705463058,2.75962037,-2.677482845,5.204952341,-0.378351948,3.770158328,1.008965725,1994.597504,56.64480645,45.75503568,45.75503568,36.04067598,27.89579844,27.89579844,25.74400583,25.74400583,20.89437925,20.89437925,16.25991922,16.25991922,-1.18,2.15508E+16,61.87977637,23.46406057,10.89610476,450.1667989,114.4928146,97.6634622,25.16010692,0,0,0,0,0,0,0,46.26781064,123.8901923,0,44.23651144,114.4928146,0,0,0,45.33158606,253.8098449,26.42752786,11.64912464,0,0,0,0,0,0,243.6579915,37.89490363,45.33158606,113.1772922,11.64912464,0,0,0,377.29,177.8900615,76.59791092,0,34.50160512,38.52492974,24.8355694,0,0,20.7712116,40.69470611,37.89490363,48.91116169,0,0,161.8407844,-1.591215956,-0.474734972,0,-25.17582017,14.5731583,0,0.962962963,77,15,23,4,4,8,0,0,0,0,30,0,23,15,23,4,16,4,4,8,0,0,18.85650416,8,-2.2026,266.217,0,15,15,0,0,0,0,0,0,0,0,0,0,0,0,0,0,0,0,0,0,0,0,0,0,0,2,0,0,0,0,0,0,0,0,0,5,0,0,0,0,8,0,0,0,0,0,0,0,0,0,0,0,0,0,0,0,0,0,0,0,0,0,0,0,0,0,0,0,0,0,0,0,0,0,0,0,0,0,0,0,0,0,0,0
12,13,Ginsenoside Rg3,"(2S,3R,4S,5S,6R)-2-[(2R,3R,4S,5S,6R)-4,5-dihidroxi-2-[[(3S,5R,8R,9R,10R,12R,13R,14R,17S)-12-hidroxi-17-[(2S)-2-hidroxi-6-metilhept-5-en-2-il]-4,4,8,10,14-pentametil-2,3,5,6,7,9,11,12,13,15,16,17-dodecahidro-1H-ciclopenta[a]fenantren-3-il]oxi]-6-(hidroximetil)oxan-3-il]oxi-6-(hidroximetil)oxano-3,4,5-triol",C42H72O13,CC(=CCC[C@@](C)([C@H]1CC[C@@]2([C@@H]1[C@@H](C[C@H]3[C@]2(CC[C@@H]4[C@@]3(CC[C@@H](C4(C)C)O[C@H]5[C@@H]([C@H]([C@@H]([C@H](O5)CO)O)O)O[C@H]6[C@@H]([C@H]([C@@H]([C@H](O6)CO)O)O)O)C)C)O)C)O)C,2,12.17436295,12.17436295,0.00797607,-1.752048571,0.114794778,52.01818182,785.025,712.449,784.4972924,318,0,0.186891777,-0.393566515,0.393566515,0.186891777,0.727272727,1.327272727,1.945454545,16.75620645,9.347557623,2.713361891,-2.704833207,2.756304811,-2.675157826,5.199979651,-0.3782943,3.501646541,1.225637568,1368.350456,40.62866308,34.25104469,34.25104469,25.5832612,20.86380805,20.86380805,20.1253495,20.1253495,16.59147676,16.59147676,13.32013168,13.32013168,-0.78,5.20468E+11,43.78974816,15.67537359,7.20361941,326.5795725,64.90619837,48.8317311,12.58005346,0,0,0,0,0,0,0,46.26781064,123.8901923,0,31.02274752,64.90619837,0,0,0,45.33158606,192.3980604,13.21376393,11.64912464,0,0,0,0,0,0,138.3932786,18.94745182,45.33158606,113.1772922,11.64912464,0,0,0,218.99,97.84952255,45.95874655,0,39.91659559,19.26246487,38.52492974,5.57310453,0,6.9237372,54.5421805,18.94745182,24.35240179,0,0,97.3822914,-0.405291461,0.444868842,0,-6.482790578,16.45852001,0,0.952380952,55,9,13,4,2,6,0,0,0,0,20,0,13,9,13,2,10,4,2,6,0,0,12.48037567,6,2.149,200.9502,0,9,8,0,0,0,0,0,0,0,0,0,0,0,0,0,0,0,0,0,0,0,0,0,0,0,2,0,0,0,0,0,0,0,0,0,5,0,0,0,0,4,0,0,0,0,0,0,0,0,0,0,0,0,0,0,0,0,0,0,0,0,0,0,0,0,0,0,0,0,0,0,0,0,0,0,0,0,0,0,0,0,0,0,0
13,14,Ginsenoside Rk1,"(2S,3R,4S,5S,6R)-2-[(2R,3R,4S,5S,6R)-4,5-dihidroxi-6-(hidroximetil)-2-[[(3S,5R,8R,9R,10R,12R,13R,14R,17S)-12-hidroxi-4,4,8,10,14-pentametil-17-(6-metilhepta-1,5-dien-2-il)-2,3,5,6,7,9,11,12,13,15,16,17-dodecahidro-1H-ciclopenta[a]fenantren-3-il]oxi]oxan-3-il]oxi-6-(hidroximetil)oxano-3,4,5-triol",C42H70O12,CC(=CCCC(=C)[C@H]1CC[C@@]2([C@@H]1[C@@H](C[C@H]3[C@]2(CC[C@@H]4[C@@]3(CC[C@@H](C4(C)C)O[C@H]5[C@@H]([C@H]([C@@H]([C@H](O5)CO)O)O)O[C@H]6[C@@H]([C@H]([C@@H]([C@H](O6)CO)O)O)O)C)C)O)C)C,2,12.12991851,12.12991851,0.021714069,-1.740988747,0.119771628,51.46296296,767.01,696.45,766.4867277,310,0,0.186891777,-0.393566515,0.393566515,0.186891777,0.722222222,1.333333333,1.962962963,16.75614924,9.348511013,2.704198987,-2.703352682,2.754047694,-2.672340303,5.223836784,-0.378266711,3.492260072,1.217792688,1366.225763,39.70601334,33.51093788,33.51093788,25.25996457,20.49375464,20.49375464,19.42642499,19.42642499,16.13202525,16.13202525,12.97358887,12.97358887,-1,3.91318E+11,42.60166468,15.63787721,6.893382353,321.0957357,59.79967097,48.8317311,12.58005346,0,0,0,0,0,0,0,58.41985085,116.9664551,0,25.4216967,59.79967097,0,0,0,45.33158606,179.8732723,13.21376393,23.80116485,0,0,0,0,0,0,127.6857004,18.94745182,45.33158606,106.253555,23.80116485,0,0,0,198.76,86.14450535,40.85221916,0,34.18474989,18.25663372,51.36657298,11.14620906,0,0,61.12111619,18.94745182,24.37266603,0,0,85.3928943,2.116846231,1.032992884,0,-5.117324559,19.36859178,0,0.904761905,54,8,12,4,2,6,0,0,0,0,19,0,12,8,12,2,10,4,2,6,0,0,12.33702965,6,2.9542,199.4664,0,8,8,0,0,0,0,0,0,0,0,0,0,0,0,0,0,0,0,0,0,0,0,0,0,0,3,0,0,0,0,0,0,0,0,0,5,0,0,0,0,4,0,0,0,0,0,0,0,0,0,0,0,0,0,0,0,0,0,0,0,0,0,0,0,0,0,0,0,0,0,0,0,0,0,0,0,0,0,0,0,0,0,0,0
14,15,Ginsenoside Rg5,"(2S,3R,4S,5S,6R)-2-[(2R,3R,4S,5S,6R)-4,5-dihidroxi-6-(hidroximetil)-2-[[(3S,5R,8R,9R,10R,12R,13R,14R,17S)-12-hidroxi-4,4,8,10,14-pentametil-17-[(2E)-6-metilhepta-2,5-dien-2-il]-2,3,5,6,7,9,11,12,13,15,16,17-dodecahidro-1H-ciclopenta[a]fenantren-3-il]oxi]oxan-3-il]oxi-6-(hidroximetil)oxano-3,4,5-triol",C42H70O12,CC(=CC/C=C(\C)/[C@H]1CC[C@@]2([C@@H]1[C@@H](C[C@H]3[C@]2(CC[C@@H]4[C@@]3(CC[C@@H](C4(C)C)O[C@H]5[C@@H]([C@H]([C@@H]([C@H](O5)CO)O)O)O[C@H]6[C@@H]([C@H]([C@@H]([C@H](O6)CO)O)O)O)C)C)O)C)C,2,12.1438074,12.1438074,0.001714069,-1.739258644,0.126410618,51.88888889,767.01,696.45,766.4867277,310,0,0.186891777,-0.393566515,0.393566515,0.186891777,0.666666667,1.277777778,1.907407407,16.75614898,9.348591611,2.703824592,-2.703279636,2.753535902,-2.672304117,5.228849453,-0.378266516,3.492260072,1.228021908,1380.441813,39.70601334,33.67407458,33.67407458,25.25996457,20.48357128,20.48357128,19.41334491,19.41334491,16.14040298,16.14040298,12.92668851,12.92668851,-1,3.91318E+11,42.60166468,15.63787721,6.893382353,321.0957357,59.79967097,48.8317311,12.58005346,0,0,0,0,0,0,0,57.91693527,117.4693706,0,25.4216967,59.79967097,0,0,0,45.33158606,180.3761879,13.21376393,23.29824927,0,0,0,0,0,0,127.6857004,18.94745182,45.33158606,106.7564706,23.29824927,0,0,0,198.76,80.04053896,40.85221916,0,40.28871628,18.25663372,44.94575136,11.14620906,0,0,67.54193781,18.94745182,24.3826416,0,0,85.41762477,2.285075398,1.136175361,0,-3.648404743,17.09355428,0,0.904761905,54,8,12,4,2,6,0,0,0,0,19,0,12,8,12,2,9,4,2,6,0,0,12.33702965,6,2.9542,199.4664,0,8,8,0,0,0,0,0,0,0,0,0,0,0,0,0,0,0,0,0,0,0,0,0,0,0,4,0,0,0,0,0,0,0,0,0,5,0,0,0,0,4,0,0,0,0,0,0,0,0,0,0,0,0,0,0,0,0,0,0,0,0,0,0,0,0,0,0,0,0,0,0,0,0,0,0,0,0,0,0,0,0,0,0,0
15,16,Ginsenoside Rh2,"(2R,3R,4S,5S,6R)-2-[[(3S,5R,8R,9R,10R,12R,13R,14R,17S)-12-hidroxi-17-[(2S)-2-hidroxi-6-metilhept-5-en-2-il]-4,4,8,10,14-pentametil-2,3,5,6,7,9,11,12,13,15,16,17-dodecahidro-1H-ciclopenta[a]fenantren-3-il]oxi]-6-(hidroximetil)oxano-3,4,5-triol",C36H62O8,CC(=CCC[C@@](C)([C@H]1CC[C@@]2([C@@H]1[C@@H](C[C@H]3[C@]2(CC[C@@H]4[C@@]3(CC[C@@H](C4(C)C)O[C@H]5[C@@H]([C@H]([C@@H]([C@H](O5)CO)O)O)O)C)C)O)C)O)C,2,12.01553503,12.01553503,0.023063603,-1.459338525,0.182300595,51.45454545,622.884,560.388,622.4444689,254,0,0.186485888,-0.393566515,0.393566515,0.186485888,0.886363636,1.545454545,2.181818182,16.70937264,9.347558198,2.711515383,-2.704719065,2.755649733,-2.669765557,5.198868383,-0.331545878,3.31925757,1.372861475,1068.354237,32.62059139,28.4990492,28.4990492,20.3468791,17.34679184,17.34679184,17.31796693,17.31796693,14.47568193,14.47568193,11.85460608,11.85460608,-0.58,2530949975,34.74625865,11.83415293,5.260456419,264.7859592,40.11289028,24.41586555,6.290026729,0,0,0,0,0,0,0,46.26781064,123.8901923,0,24.41586555,40.11289028,0,0,0,45.33158606,161.6921681,6.606881965,11.64912464,0,0,0,0,0,0,85.7609222,9.473725908,45.33158606,113.1772922,11.64912464,0,0,0,139.84,49.01779144,30.63916437,0,39.59974036,18.25663372,51.36657298,5.57310453,0,6.9237372,54.5421805,9.473725908,12.18779865,0,0,64.79275009,0.122045459,0.791898338,0,3.14728265,17.54155814,0,0.944444444,44,6,8,4,1,5,0,0,0,0,15,0,8,6,8,1,7,4,1,5,0,0,9.34528497,5,4.3248,168.3168,0,6,5,0,0,0,0,0,0,0,0,0,0,0,0,0,0,0,0,0,0,0,0,0,0,0,2,0,0,0,0,0,0,0,0,0,5,0,0,0,0,2,0,0,0,0,0,0,0,0,0,0,0,0,0,0,0,0,0,0,0,0,0,0,0,0,0,0,0,0,0,0,0,0,0,0,0,0,0,0,0,0,0,0,0
16,17,Ginsenoside Rh1,"(2R,3R,4S,5S,6R)-2-[[(3S,5R,6S,8R,9R,10R,12R,13R,14R,17S)-3,12-dihidroxi-17-[(2S)-2-hidroxi-6-metilhept-5-en-2-il]-4,4,8,10,14-pentametil-2,3,5,6,7,9,11,12,13,15,16,17-dodecahidro-1H-ciclopenta[a]fenantren-6-il]oxi]-6-(hidroximetil)oxano-3,4,5-triol",C36H62O9,CC(=CCC[C@@](C)([C@H]1CC[C@@]2([C@@H]1[C@@H](C[C@H]3[C@]2(C[C@@H]([C@@H]4[C@@]3(CC[C@@H](C4(C)C)O)C)O[C@H]5[C@@H]([C@H]([C@@H]([C@H](O5)CO)O)O)O)C)O)C)O)C,2,12.07225616,12.07225616,0.054813534,-1.541617104,0.164050776,52.24444444,638.883,576.387,638.4393836,260,0,0.186473172,-0.393566515,0.393566515,0.186473172,0.933333333,1.6,2.222222222,16.70929916,9.341440827,2.731845214,-2.716931749,2.757875469,-2.705558268,5.216059227,-0.346484491,3.329320537,1.54038677,1102.083223,33.49083487,28.81650628,28.81650628,20.7575627,17.43832406,17.43832406,17.47410851,17.47410851,14.38899265,14.38899265,11.90118277,11.90118277,-0.62,3657636215,35.68080674,12.05911533,5.484206695,269.580193,45.21941767,24.41586555,6.290026729,0,0,0,0,0,0,0,46.26781064,117.4693706,0,30.51983194,45.21941767,0,0,0,45.33158606,161.3753128,6.606881965,11.64912464,0,0,0,0,0,0,96.97141598,9.473725908,45.33158606,106.7564706,11.64912464,0,0,0,160.07,66.64071469,35.74569176,0,39.91659559,25.68328649,25.68328649,5.57310453,0,6.9237372,54.5421805,9.473725908,12.61654206,0,0,77.18159452,-1.207920439,-0.185669963,0,-0.602688919,16.61480941,0,0.944444444,45,7,9,4,1,5,0,0,0,0,16,0,9,7,9,1,7,4,1,5,0,0,9.561754747,5,3.2956,169.7066,0,7,6,0,0,0,0,0,0,0,0,0,0,0,0,0,0,0,0,0,0,0,0,0,0,0,2,0,0,0,0,0,0,0,0,0,5,0,0,0,0,2,0,0,0,0,0,0,0,0,0,0,0,0,0,0,0,0,0,0,0,0,0,0,0,0,0,0,0,0,0,0,0,0,0,0,0,0,0,0,0,0,0,0,0
17,18,Panaxynol,"(3R,9Z)-heptadeca-1,9-dien-4,6-diyn-3-ol",C17H24O,CCC/C=C\CC#CC#C[C@@H](C=C)O,3,8.957159533,8.957159533,0.721095758,-0.763950475,0.529862031,11,188.27,172.142,188.1201151,74,0,0.133629312,-0.376686652,0.376686652,0.133629312,1.357142857,2.142857143,2.785714286,16.2644516,10.26193399,1.83322807,-1.857421805,1.89063047,-1.938925524,5.287119152,0.28094746,2.213136046,3.70797636,290.6679276,10.64841808,8.585041797,8.585041797,6.808060412,4.748945734,4.748945734,2.715857634,2.715857634,1.436122243,1.436122243,0.69095339,0.69095339,-1.44,1228.290505,12.56,9.64650519,8.65469697,86.53203487,5.106527395,6.103966388,0,0,0,0,0,0,0,0,49.99242346,18.26169026,6.420821623,0,5.106527395,0,0,0,0,32.29016846,0,24.806996,0,23.68173728,0,0,0,0,11.21049378,0,23.68173728,26.18620207,24.806996,0,0,0,20.23,6.103966388,0,0,0,0,19.26246487,6.076020107,0,6.076020107,43.26043027,5.106527395,0,0,0,8.957159533,0,10.6101755,0,7.731386716,5.534611583,0,0.384615385,14,1,1,0,0,0,0,0,0,0,1,0,1,1,1,0,4,0,0,0,0,0,8.654293228,0,2.2865,60.4208,0,1,1,0,0,0,0,0,0,0,0,0,0,0,0,0,0,0,0,0,0,0,0,0,0,0,2,0,0,0,0,0,0,0,0,0,0,0,0,0,0,0,0,0,0,0,0,0,0,0,0,0,0,0,0,0,0,0,0,0,0,0,0,0,0,0,0,0,0,0,0,0,0,0,0,0,0,0,0,0,0,0,0,1,0
18,19,Timoquinona,"2-metil-5-propan-2-ilciclohexa-2,5-dieno-1,4-diona",C10H12O2,CC1=CC(=O)C(=CC1=O)C(C)C,4,11.29481481,11.29481481,0.025833333,-0.043240741,0.552254959,18,164.204,152.108,164.0837296,64,0,0.182115955,-0.28965062,0.28965062,0.182115955,1.083333333,1.666666667,2.166666667,16.14297559,9.907974215,2.185131108,-2.113767464,2.173555305,-2.145047866,6.193065426,-0.115003927,1.958200626,3.011892845,292.9604403,9.300964908,7.548547388,7.548547388,5.519744508,4.006324502,4.006324502,3.310231716,3.310231716,1.929381969,1.929381969,1.128488201,1.128488201,-1.18,393.5983257,8.912421442,3.052359621,1.522799947,71.96173704,0,0,11.56648989,0,0,0,9.589074368,0,0,0,13.8474744,24.99368346,11.14620906,0,9.589074368,11.56648989,0,0,5.917906046,20.7712116,0,23.29824927,0,0,0,0,0,0,11.56648989,9.589074368,5.917906046,20.7712116,23.29824927,0,0,0,34.14,0,9.589074368,0,17.48439594,11.14620906,0,12.15204021,6.9237372,13.8474744,0,0,0,0,22.45240741,0,1.148148148,0.061296296,0,2.861111111,5.477037037,0,0.4,12,0,2,1,0,1,0,0,0,0,0,0,2,0,2,0,1,0,0,0,0,0,2.266992944,1,1.6669,46.692,0,0,0,0,0,0,0,0,0,0,2,2,0,0,0,0,0,0,0,0,0,0,0,0,0,0,4,0,0,0,0,0,0,0,0,0,0,0,0,0,0,0,0,0,0,0,0,0,0,0,0,2,0,0,0,0,0,0,0,0,0,0,0,0,0,0,0,0,0,0,0,0,0,0,0,0,0,0,0,0,0,0,0,0,0
19,20,Timohidroquinona,"2-metil-5-propan-2-ilbenceno-1,4-diol",C10H14O2,CC1=CC(=C(C=C1O)C(C)C)O,4,9.475092593,9.475092593,0.23287037,0.23287037,0.629211548,10.66666667,166.22,152.108,166.0993797,66,0,0.119061486,-0.507671693,0.507671693,0.119061486,1.083333333,1.666666667,2.166666667,16.26125846,9.999089777,2.078421387,-2.093844769,2.30800381,-1.885377533,5.450737519,0.447996078,1.958200626,3.231552504,290.135208,9.300964908,7.626477999,7.626477999,5.519744508,4.045289807,4.045289807,3.352210998,3.352210998,1.967244082,1.967244082,1.159856096,1.159856096,-1.18,393.5983257,8.912421442,3.052359621,1.522799947,72.47963908,10.21305479,11.49902367,0,0,0,0,0,0,0,0,13.8474744,30.53782887,5.563451492,0,10.21305479,0,0,0,0,26.68911765,0,23.25963712,0,11.49902367,0,0,11.49902367,0,10.21305479,0,6.9237372,30.89228343,12.13273414,0,0,0,40.46,0,10.21305479,0,17.41692971,5.563451492,5.563451492,0,19.05647134,13.8474744,0,0,0,0,0,18.83740741,1.49537037,0.743796296,3.208333333,0,5.715092593,0,0.4,12,2,2,0,0,0,0,1,0,1,0,0,2,2,2,0,1,0,0,0,0,0,2.266992944,1,2.52962,48.5976,0,0,0,0,0,0,0,2,0,0,0,0,0,0,0,0,0,0,0,0,0,0,0,0,0,0,0,0,0,0,1,0,0,0,1,0,0,0,0,0,0,0,0,0,0,0,0,0,0,0,0,0,0,0,0,0,0,0,0,0,0,0,0,0,0,2,2,0,0,0,0,0,0,0,0,0,0,0,0,0,0,0,0,0,0
20,21,p-cimeno,1-metil-4-propan-2-ilbenceno,C10H14,CC1=CC=C(C=C1)C(C)C,4;28;30,2.212962963,2.212962963,0.653333333,0.653333333,0.553258492,10.4,134.222,120.11,134.1095504,54,0,-0.021882053,-0.059041992,0.059041992,0.021882053,1,1.5,1.9,14.0042386,10.02448253,1.948374226,-2.031653154,2.131527672,-1.848672205,5.228177045,0.86584421,1.884505361,2.893762784,193.7832245,7.560477932,6.886751346,6.886751346,4.698377303,3.764742878,3.764742878,3.065384141,3.065384141,1.744016936,1.744016936,0.951353092,0.951353092,-0.78,180.9125147,7.32845987,2.869483956,1.598288066,62.89117158,0,0,0,0,0,0,0,0,0,0,43.67639416,18.40509474,0,0,0,0,0,0,0,26.68911765,0,35.39237126,0,0,0,0,0,0,0,0,6.9237372,30.89228343,24.26546827,0,0,0,0,0,0,0,0,5.917906046,0,11.12690298,0,0,45.03667987,0,0,0,0,0,2.759259259,0.653333333,8.712962963,0,6.541111111,0,0.4,10,0,0,0,0,0,0,1,0,1,0,0,0,0,0,0,1,0,0,0,0,0,2.102889802,1,3.11842,45.268,0,0,0,0,0,0,0,0,0,0,0,0,0,0,0,0,0,0,0,0,0,0,0,0,0,0,0,0,0,0,1,0,0,0,1,0,0,0,0,0,0,0,0,0,0,0,0,0,0,0,0,0,0,0,0,0,0,0,0,0,0,0,0,0,0,0,0,0,0,0,0,0,0,0,0,0,0,0,0,0,0,0,0,0,0
21,22,Carvacrol,2-metil-5-propan-2-ilfenol,C10H14O,CC1=C(C=C(C=C1)C(C)C)O,4;30,9.348981481,9.348981481,0.399259259,0.399259259,0.652274036,10.54545455,150.221,136.109,150.1044651,60,0,0.118265216,-0.507676482,0.507676482,0.118265216,1.272727273,1.909090909,2.363636364,16.25532166,10.01500678,2.004553138,-2.058843813,2.218637289,-1.863031,5.358348771,0.469623566,1.941518365,3.051645449,251.0497318,8.43072142,7.256614672,7.256614672,5.109060905,3.905016342,3.905016342,3.200624552,3.200624552,1.899859284,1.899859284,0.985539029,0.985539029,-0.98,271.8125711,8.119800399,2.951611861,1.732031309,67.68540533,5.106527395,5.749511833,0,0,0,0,0,0,0,0,25.98020854,30.0349133,0,0,5.106527395,0,0,0,0,26.68911765,0,29.32600419,0,5.749511833,0,0,5.749511833,0,5.106527395,0,6.9237372,30.89228343,18.19910121,0,0,0,20.23,0,5.106527395,0,0,11.66741788,5.563451492,5.563451492,0,19.05647134,19.91384147,0,0,0,0,9.348981481,2.127314815,0.886759259,5.837685185,0,6.132592593,0,0.4,11,1,1,0,0,0,0,1,0,1,0,0,1,1,1,0,1,0,0,0,0,0,2.178772651,1,2.82402,46.9328,0,0,0,0,0,0,0,1,0,0,0,0,0,0,0,0,0,0,0,0,0,0,0,0,0,0,0,0,0,0,1,0,0,0,1,0,0,0,0,0,0,0,0,0,0,0,0,0,0,0,0,0,0,0,0,0,0,0,0,0,0,0,0,0,0,1,1,0,0,0,0,0,0,0,0,0,0,0,0,0,0,0,0,0,0
22,23,4-terpineol,4-metil-1-propan-2-ilciclohex-3-en-1-ol,C10H18O,CC1=CCC(CC1)(C(C)C)O,4,10.02171296,10.02171296,0.381342593,-0.417152778,0.575259816,32.27272727,154.253,136.109,154.1357652,64,0,0.070746511,-0.389290807,0.389290807,0.070746511,1.545454545,2.181818182,2.545454545,16.28438115,9.782289454,2.308424669,-2.340248393,2.324003308,-2.355790294,5.079127467,-0.014015331,1.95366949,2.637067423,169.7115907,8.483127663,7.723234477,7.723234477,5.044329304,4.424566068,4.424566068,4.012877001,4.012877001,2.830950275,2.830950275,1.493097906,1.493097906,-0.3,257.8843727,8.793457944,2.978591424,1.835720898,69.12252962,5.106527395,0,0,0,0,0,0,0,0,0,25.49659904,32.10410811,0,5.601050811,5.106527395,0,0,0,5.917906046,45.63472728,0,11.64912464,0,0,0,0,0,0,10.70757821,0,5.917906046,40.03367647,11.64912464,0,0,0,20.23,5.601050811,5.106527395,0,0,5.917906046,19.26246487,5.57310453,0,0,26.84723171,0,0,0,0,10.02171296,1.009074074,0.381342593,0,5.015555556,6.322314815,0,0.8,11,1,1,1,0,1,0,0,0,0,1,0,1,1,1,0,1,0,0,0,0,1,2.381101674,1,2.5037,47.3958,0,1,0,0,0,0,0,0,0,0,0,0,0,0,0,0,0,0,0,0,0,0,0,0,0,0,1,0,0,0,0,0,0,0,0,0,0,0,0,0,0,0,0,0,0,0,0,0,0,0,0,0,0,0,0,0,0,0,0,0,0,0,0,0,0,0,0,0,0,0,0,0,0,0,0,0,0,0,0,0,0,0,0,0,0
23,24,Anetol o Anethole,1-metoxi-4-[(E)-prop-1-enil]benceno,C10H12O,C/C=C/C1=CC=C(C=C1)OC,4,5.023216412,5.023216412,0.901160242,0.901160242,0.626215555,10.36363636,148.205,136.109,148.088815,58,0,0.11840059,-0.496767824,0.496767824,0.11840059,1.181818182,1.818181818,2.272727273,16.46524901,10.18236568,1.874520082,-1.976399265,2.112760973,-1.804525253,5.495036866,0.414536056,2.066172829,2.824041735,233.5546193,8.104448007,6.872349906,6.872349906,5.363703305,3.633098378,3.633098378,2.273159739,2.273159739,1.474918716,1.474918716,0.907471592,0.907471592,-1.24,380.1758005,7.862459016,3.814282938,2.11427089,67.31511377,4.736862954,5.749511833,0,0,0,0,0,0,0,0,24.28477435,24.61992283,0,7.109797541,4.736862954,6.076020107,0,0,0,6.9237372,7.109797541,35.90493987,0,5.749511833,4.736862954,0,5.749511833,0,7.109797541,0,0,12.48718869,30.34148838,0,6.076020107,0,9.23,0,0,0,0,0,5.749511833,5.563451492,7.109797541,37.26522558,6.076020107,4.736862954,5.023216412,0,0,0,1.20212963,0.901160242,7.960648148,4.070684051,2.004198554,1.671296296,0.2,11,0,1,0,0,0,0,1,0,1,0,0,1,0,1,0,2,0,0,0,0,0,2.726331207,1,2.7283,47.702,0,0,0,0,0,0,0,0,0,0,0,0,0,0,0,0,0,0,0,0,0,0,0,0,0,0,1,0,0,0,0,0,0,0,1,0,0,0,0,0,0,1,0,0,0,0,0,0,0,0,0,0,0,0,0,1,0,0,0,0,0,0,0,0,0,0,0,0,0,0,0,0,0,0,0,0,0,0,0,0,0,0,0,0,0
24,25,Sesquiterpeno,"1-[(1R,3aS,6R,7R,7aS)-6-hidroxi-4-metiliden-7-propan-2-il-1,2,3,3a,5,6,7,7a-octahidroinden-1-il]etanona",C15H24O2,CC(C)[C@H]1[C@@H](CC(=C)[C@@H]2[C@@H]1[C@@H](CC2)C(=O)C)O,4;38,11.77109883,11.77109883,0.151944444,-0.30212963,0.74854887,41.70588235,236.355,212.163,236.17763,96,0,0.132716869,-0.392485784,0.392485784,0.132716869,1.411764706,2.058823529,2.588235294,16.26734417,9.630915282,2.495144923,-2.429052421,2.523865779,-2.42889448,5.787626683,-0.123785363,2.607698502,2.31770829,325.8135212,12.7401225,11.14799063,11.14799063,7.93042811,6.792892162,6.792892162,6.229424378,6.229424378,4.894319134,4.894319134,4.212844231,4.212844231,-0.63,6972.985794,12.81730673,4.564226038,2.077064963,104.1029311,5.106527395,5.783244946,0,0,0,0,4.794537184,0,0,0,25.99951461,49.85782625,5.917906046,6.103966388,9.901064579,5.783244946,0,0,29.58953023,46.13764286,0,12.15204021,0,0,0,0,0,0,16.99373873,4.794537184,29.58953023,40.03367647,12.15204021,0,0,0,37.3,0,9.901064579,0,17.93977848,23.53696308,19.26246487,5.57310453,6.9237372,0,20.42641008,0,0,0,11.77109883,10.28428005,1.169583333,1.95837963,0,2.501393613,10.14859788,0,0.8,17,1,2,2,0,2,0,0,0,0,5,0,2,1,2,0,2,2,0,2,0,0,3.441240301,2,2.8108,68.4768,0,1,1,0,0,0,0,0,0,0,1,1,0,0,0,0,0,0,0,0,0,0,0,0,0,0,0,0,0,0,0,0,0,0,0,0,1,0,0,0,0,0,0,0,0,0,0,0,0,0,0,1,1,0,0,0,0,0,0,0,0,0,0,0,0,0,0,0,0,0,0,0,0,0,0,0,0,0,0,0,0,0,0,0,0
25,26,_-pineno,"2,6,6-trimetilbiciclo[3.1.1]hept-2-eno",C10H16,CC1=CCC2CC1C2(C)C,4;31,2.434606481,2.434606481,0.637731481,0.637731481,0.448982999,42.1,136.238,120.11,136.1252005,56,0,-0.01489222,-0.085012907,0.085012907,0.01489222,1.5,2.2,2.5,14.53868869,9.489745483,2.492881086,-2.556303193,2.583642979,-2.469653908,5.205804339,-0.0057902,1.868520927,2.29662658,186.2149912,7.353371151,7.14626437,7.14626437,4.621027034,4.2876937,4.2876937,4.49042209,4.49042209,3.744517166,3.744517166,2.659091511,2.659091511,-0.26,188.7206137,6.450201166,1.663742547,0.574462076,63.32246472,0,0,0,0,0,0,0,0,0,0,25.49659904,37.01618301,0,0,0,0,0,0,17.25080256,33.61285484,0,11.64912464,0,0,0,0,0,0,0,0,17.25080256,33.61285484,11.64912464,0,0,0,0,0,0,0,0,5.414990469,11.83581209,12.84164325,5.57310453,0,26.84723171,0,0,0,0,0,2.283564815,1.923564815,0,5.244791667,7.131412037,0,0.8,10,0,0,3,0,3,0,0,0,0,2,2,0,0,0,0,0,1,0,1,0,2,1.073147412,3,2.9987,43.752,0,0,0,0,0,0,0,0,0,0,0,0,0,0,0,0,0,0,0,0,0,0,0,0,0,0,2,0,0,0,0,0,0,0,0,0,1,0,0,0,0,0,0,0,0,0,0,0,0,0,0,0,0,0,0,0,0,0,0,0,0,0,0,0,0,0,0,0,0,0,0,0,0,0,0,0,0,0,0,0,0,0,0,0,0
26,27,Timol,"4-[3-(4-hidroxi-2-metil-5-propan-2-ilfenil)-1,1-dioxo-2,1lambda6-benzoxatiol-3-il]-5-metil-2-propan-2-ilfenol",C27H30O5S,CC1=CC(=C(C=C1C2(C3=CC=CC=C3S(=O)(=O)O2)C4=CC(=C(C=C4C)O)C(C)C)C(C)C)O,4;30,13.28835806,13.28835806,0.015549729,-4.054459325,0.462764627,16.36363636,466.599,436.359,466.1813951,174,0,0.298406148,-0.507654447,0.507654447,0.298406148,0.757575758,1.212121212,1.666666667,32.23999259,9.746089626,2.524601718,-2.334180382,2.533101514,-2.316587336,7.867080901,0.177878679,2.955137962,2.201112388,1289.664956,24.29216426,19.80092304,20.61741963,15.39642571,11.12896458,12.53721287,9.476094557,10.99083592,6.520347033,7.884434231,4.857210056,6.271792733,-2.83,15802659.35,23.33228246,7.888464073,3.523996611,195.3606544,10.21305479,16.39450714,5.601050811,0,10.11812686,0,0,4.183085433,8.417796984,0,45.89405,89.39583078,5.563451492,0,22.81393721,10.11812686,0,0,0,63.87476958,0,87.47509699,0,11.49902367,0,0,11.49902367,0,18.63085177,19.9022631,13.8474744,78.47492133,53.42642002,0,0,0,83.83,15.71917767,18.63085177,0,28.23031923,38.94416044,0,0,36.39820241,53.67515734,0,4.183085433,32.6755502,0,0.126985072,21.19445019,3.225621063,0.3659823,13.87392511,0,11.59194539,-4.054459325,0.333333333,33,2,5,0,1,1,0,3,0,3,0,0,5,2,6,1,4,0,0,0,0,0,5.577450665,4,5.97224,128.4604,0,0,0,0,0,0,0,2,0,0,0,0,0,0,0,0,0,0,0,0,0,0,0,0,0,0,0,0,0,0,2,0,0,0,3,0,1,0,0,0,0,0,0,0,0,0,0,0,0,0,0,0,0,0,0,0,0,0,0,0,0,0,0,0,0,2,2,0,0,0,0,0,0,0,0,0,0,0,0,0,0,0,0,0,0
27,28,Crisofanol,"1,8-dihidroxi-3-metilantraceno-9,10-diona",C15H10O4,CC1=CC2=C(C(=C1)O)C(=O)C3=C(C2=O)C=CC=C3O,6,12.33574074,12.33574074,0.037407407,-0.527592593,0.644448029,13.10526316,254.241,244.161,254.0579088,94,0,0.201467835,-0.507159053,0.507159053,0.201467835,0.842105263,1.526315789,2.263157895,16.26024543,9.822160643,2.335162918,-2.190370788,2.363122653,-2.208706153,6.297681709,0.097390858,2.343819414,2.396091208,744.051061,13.73168633,10.09767512,10.09767512,9.002907755,5.75417936,5.75417936,4.564554875,4.564554875,3.247715546,3.247715546,2.423078585,2.423078585,-2.62,21994.40138,11.46926413,3.684431822,1.463152073,108.4890042,10.21305479,11.49902367,5.783244946,5.783244946,0,0,9.589074368,0,0,0,12.13273414,30.6862899,11.12690298,11.12690298,19.80212916,11.56648989,0,0,0,6.9237372,0,58.1490928,0,11.49902367,0,0,11.49902367,0,21.77954468,0,6.9237372,37.40633183,30.33183534,0,0,0,74.6,5.783244946,19.80212916,0,39.53607458,5.563451492,0,24.26546827,12.99010427,0,0,0,0,0,24.67000378,19.64806611,0.965607521,-1.371825869,7.356264645,0,1.731883818,0,0.066666667,19,2,4,1,0,1,0,2,0,2,0,0,4,2,4,0,0,0,0,0,0,0,2.224090617,3,2.18162,67.8156,0,0,0,0,0,0,0,2,0,0,2,2,0,0,0,0,0,0,0,0,0,0,0,0,0,0,0,0,0,0,1,0,0,0,2,0,2,0,0,0,0,0,0,0,0,0,0,0,0,0,0,2,0,0,0,0,0,0,0,0,0,0,0,0,0,2,2,0,0,0,0,0,0,0,0,0,0,0,0,0,0,0,0,0,0
28,29,Emodina,"1,3,8-trihidroxi-6-metilantraceno-9,10-diona",C15H10O5,CC1=CC2=C(C(=C1)O)C(=O)C3=C(C2=O)C=C(C=C3O)O,6,12.37685185,12.37685185,0.064814815,-0.63462963,0.57949523,13.05,270.24,260.16,270.0528234,100,0,0.201472696,-0.507797319,0.507797319,0.201472696,0.75,1.3,1.95,16.26905707,9.820152391,2.343538447,-2.194719831,2.383761544,-2.209582489,6.299384265,0.097359112,2.335440787,2.39567533,725.8362618,14.60192982,10.46753844,10.46753844,9.396754606,5.88846976,5.88846976,4.752312143,4.752312143,3.307552042,3.307552042,2.484752628,2.484752628,-2.82,30603.61607,12.2259605,3.835039476,1.495311867,113.283238,15.31958218,17.2485355,5.783244946,5.783244946,0,0,9.589074368,0,0,0,0,30.6862899,17.19327005,11.12690298,24.90865655,11.56648989,0,0,0,6.9237372,0,52.08272573,0,17.2485355,0,0,17.2485355,0,26.88607208,0,6.9237372,37.40633183,24.26546827,0,0,0,94.83,17.31600173,24.90865655,0,33.75282963,5.563451492,12.13273414,12.13273414,6.9237372,0,0,0,0,0,24.74078231,29.13146825,0.33219246,-2.229097222,5.003611426,0,1.687709436,0,0.066666667,20,3,5,1,0,1,0,2,0,2,0,0,5,3,5,0,0,0,0,0,0,0,2.344352058,3,1.88722,69.4804,0,0,0,0,0,0,0,3,0,0,2,2,0,0,0,0,0,0,0,0,0,0,0,0,0,0,0,0,0,0,1,0,0,0,2,0,2,0,0,0,0,0,0,0,0,0,0,0,0,0,0,2,0,0,0,0,0,0,0,0,0,0,0,0,0,3,3,0,0,0,0,0,0,0,0,0,0,0,0,0,0,0,0,0,0
29,30,Aloe-emodina,"1,8-dihidroxi-3-(hidroximetil)antraceno-9,10-diona",C15H10O5,C1=CC2=C(C(=C1)O)C(=O)C3=C(C2=O)C=C(C=C3O)CO,6,12.37003779,12.37003779,0.039027778,-0.602139078,0.620381964,13.05,270.24,260.16,270.0528234,100,0,0.201467862,-0.507159053,0.507159053,0.201467862,0.85,1.55,2.25,16.26209616,9.82125421,2.337651179,-2.193118781,2.364979906,-2.211021181,6.297743516,0.097367084,2.432126195,2.3498728,761.0994569,14.43879311,10.25199549,10.25199549,9.540912558,5.923960517,5.923960517,4.55356678,4.55356678,3.345738742,3.345738742,2.43204626,2.43204626,-2.66,39166.96024,12.37770871,4.177068704,1.534477874,113.283238,15.31958218,11.49902367,5.783244946,5.783244946,0,0,9.589074368,0,0,0,12.13273414,23.7625527,11.12690298,17.73378495,24.90865655,11.56648989,0,0,0,6.606881965,0,58.1490928,0,11.49902367,0,0,11.49902367,0,26.88607208,6.606881965,0,37.40633183,30.33183534,0,0,0,94.83,11.56648989,19.80212916,0,40.3597116,5.563451492,0,30.33183534,0,0,0,5.106527395,0,0,24.73012991,28.78205441,0.234621599,-1.734511501,6.839682461,0,-0.351976883,0,0.066666667,20,3,5,1,0,1,0,2,0,2,0,0,5,3,5,0,1,0,0,0,0,0,2.585126984,3,1.3655,69.0014,0,1,1,0,0,0,0,2,0,0,2,2,0,0,0,0,0,0,0,0,0,0,0,0,0,0,0,0,0,0,0,0,0,0,2,0,2,0,0,0,0,0,0,0,0,0,0,0,0,0,0,2,0,0,0,0,0,0,0,0,0,0,0,0,0,2,2,0,0,0,0,0,0,0,0,0,0,0,0,0,0,0,0,0,0
30,31,Catequina,"(2R,3S)-2-(3,4-dihidroxifenil)-3,4-dihidro-2H-cromeno-3,5,7-triol",C15H14O6,C1[C@@H]([C@H](OC2=CC(=CC(=C21)O)O)C3=CC(=C(C=C3)O)O)O,6;9;10;20;28;35;39;41,10.18034297,10.18034297,0.142543199,-0.933439153,0.509592731,20.61904762,290.271,276.159,290.0790382,110,0,0.157304618,-0.507679031,0.507679031,0.157304618,0.904761905,1.666666667,2.380952381,16.50607245,9.936487727,2.319067489,-2.309886244,2.421834374,-2.298533227,5.515692784,0.019664509,2.421471333,1.997881017,696.8034648,15.14589989,10.89287493,10.89287493,9.952397498,6.368997045,6.368997045,4.999660466,4.999660466,3.514868398,3.514868398,2.465957939,2.465957939,-2.6,57289.59026,13.38615917,4.746545499,2.295403168,119.6622065,30.26949993,23.35250189,11.49902367,0,0,0,0,0,0,0,6.066367068,17.69618563,24.11700725,6.103966388,30.26949993,0,0,0,0,18.6287544,0,41.45873833,0,28.74755917,4.736862954,0,28.74755917,0,31.63660336,6.420821623,0,17.23086937,30.33183534,0,0,0,110.38,12.20793278,25.53263697,0,35.16838079,11.12690298,0,30.33183534,0,0,0,4.736862954,5.624025888,0,0,48.29762027,0.894289756,-0.588932771,6.666153275,-1.559823082,0,0,0.2,21,5,6,0,1,1,0,2,0,2,2,0,6,5,6,1,1,0,0,0,0,0,3.025619693,3,1.5461,72.623,0,1,1,0,0,0,0,4,0,0,0,0,0,0,0,0,0,0,0,0,0,0,0,0,0,0,0,0,0,0,0,0,0,0,2,0,1,0,0,0,0,1,0,0,0,0,0,0,0,0,0,0,0,0,0,0,0,0,0,0,0,0,0,0,0,4,4,0,0,0,0,0,0,0,0,0,0,0,0,0,0,0,0,0,0
31,32,Kaempferol,"3,5,7-trihidroxi-2-(4-hidroxifenil)cromen-4-ona",C15H10O6,C1=CC(=CC=C1C2=C(C(=O)C3=C(C=C(C=C3O2)O)O)O)O,6;9;10;13;18;25;28;31;33;37,12.12044659,12.12044659,0.024689626,-0.80849537,0.545851399,10.85714286,286.239,276.159,286.047738,106,0,0.238288561,-0.507966213,0.507966213,0.238288561,0.857142857,1.523809524,2.19047619,16.35922444,10.09289042,2.180145268,-2.071621383,2.347110183,-2.024359554,5.87614532,0.438007235,2.42796711,2.372496567,892.666285,15.14589989,10.56945258,10.56945258,9.969234251,5.98286737,5.98286737,4.493823057,4.493823057,3.064846292,3.064846292,2.083590215,2.083590215,-3.15,58902.48208,12.86225184,4.447829199,2.023723431,117.3134358,24.84326052,28.21777986,5.760247419,11.17830223,0,0,4.794537184,0,0,0,0,24.26546827,17.69618563,0,24.84326052,10.96924436,0,0,0,0,0,46.62152999,0,34.32174624,5.428790392,0,22.99804733,0,20.42610958,0,0,0,45.60989053,0,22.29294327,0,111.13,16.92781406,25.22064676,0,28.22851544,5.563451492,6.066367068,30.33183534,0,0,0,4.417150937,5.409349962,0,12.12044659,38.14830036,-0.497840136,-1.499864418,7.81960765,0,0,0,0,21,4,6,0,0,0,0,2,1,3,0,0,6,4,6,1,1,0,0,0,0,0,2.724242824,3,2.2824,74.5792,0,0,0,0,0,0,0,4,0,0,0,0,0,0,0,0,0,0,0,0,0,0,0,0,0,0,0,0,0,0,0,0,0,0,2,0,1,0,0,0,0,0,0,0,0,0,0,0,0,0,0,0,0,0,0,0,0,0,0,0,0,0,0,0,0,3,3,0,0,0,0,0,0,0,0,0,0,0,0,0,0,0,0,0,0
32,33,Proantocianidina,"(3R)-2-(3,5-dihidroxi-4-metoxifenil)-8-[(2R,3R,4R)-3,5,7-trihidroxi-2-(4-hidroxifenil)-3,4-dihidro-2H-cromen-4-il]-3,4-dihidro-2H-cromen-3,5,7-triol",C31H28O12,COC1=C(C=C(C=C1O)C2[C@@H](CC3=C(O2)C(=C(C=C3O)O)[C@@H]4[C@H]([C@H](OC5=CC(=CC(=C45)O)O)C6=CC=C(C=C6)O)O)O)O,6,11.78643788,11.78643788,0.008820781,-1.504626018,0.167165863,22.53488372,592.553,564.329,592.1580763,224,0,0.202299707,-0.507966606,0.507966606,0.202299707,0.651162791,1.302325581,1.953488372,16.514175,9.77125365,2.457779562,-2.399169471,2.568964453,-2.364535332,5.656033715,0.001194835,2.939956981,1.541008928,1694.591734,30.73939354,22.53967778,22.53967778,20.4764733,13.19829138,13.19829138,10.5134531,10.5134531,7.843812403,7.843812403,5.931244621,5.931244621,-5.2,3418251021,27.9447288,10.26016829,4.565542789,243.6343577,60.16933541,46.35054922,23.70695644,5.749511833,0,0,0,0,0,0,12.13273414,29.82891977,46.8737288,19.13166998,60.16933541,0,0,0,0,36.75459322,7.109797541,82.41456107,0,57.49511833,14.21058886,0,57.49511833,0,65.27647687,6.420821623,0,45.94309628,54.59730362,0,0,0,209.76,59.08133076,45.95874655,0,57.42218676,5.563451492,12.13273414,49.57436702,0,0,0,14.21058886,17.19477462,0,0,96.49592565,0.611959235,-4.157465758,11.60020225,-5.334781655,0,1.256052329,0.225806452,43,9,12,0,2,2,0,4,0,4,5,0,12,9,12,2,4,0,0,0,0,1,6.667851634,6,3.298,148.2722,0,2,2,0,0,0,0,7,0,0,0,0,0,0,0,0,0,0,0,0,0,0,0,0,0,0,0,0,0,0,0,0,0,0,4,0,2,0,0,0,0,3,0,0,0,0,0,0,0,0,0,0,0,0,0,1,0,0,0,0,0,0,0,0,0,7,7,0,0,0,0,0,0,0,0,0,0,0,0,0,0,0,0,0,0
33,34,Ácido oleico,ácido (Z)-octadec-9-enoico,C18H34O2,CCCC/C=C\CCCC(=O)O,7,10.11039631,10.11039631,0.289799383,-0.697260934,0.470803795,10.75,170.252,152.108,170.1306798,70,0,0.302851114,-0.481230254,0.481230254,0.302851114,1.25,1.833333333,2.333333333,16.3651216,10.17025214,1.921846237,-1.906555793,1.995239872,-1.918615824,5.660543569,-0.136600539,2.024364145,3.076037402,138.7740057,9.234204519,7.752803111,7.752803111,5.77005561,4.638221029,4.638221029,2.899600114,2.899600114,1.652443848,1.652443848,0.928816464,0.928816464,-0.79,402.8484648,11.21,8.307943193,9.21,74.28988288,5.106527395,0,0,0,0,5.969305288,4.794537184,0,0,0,31.91742066,19.26246487,6.420821623,0,9.901064579,5.969305288,0,0,0,45.44866694,0,12.15204021,0,0,0,0,0,0,11.07583268,4.794537184,0,45.44866694,12.15204021,0,0,0,37.3,5.969305288,4.794537184,0,6.420821623,0,19.26246487,12.84164325,0,0,19.07577741,5.106527395,0,0,10.11039631,8.330141893,0,-0.697260934,0,9.758441253,2.164948145,0,0.7,12,1,2,0,0,0,0,0,0,0,0,0,1,1,2,0,7,0,0,0,0,0,7.761003599,0,2.9877,50.1518,1,0,0,0,0,0,0,0,1,1,1,0,0,0,0,0,0,0,0,0,0,0,0,0,0,0,2,0,0,0,0,0,0,0,0,0,0,0,0,0,0,0,0,0,0,0,0,0,0,0,0,0,0,0,0,0,0,0,0,0,0,0,0,0,0,0,0,0,0,0,0,0,0,0,0,0,0,0,0,0,0,0,0,3,0
34,35,Ácido linolénico,"ácido (6Z,9Z,12Z)-octadeca-6,9,12-trienoico",C18H30O2,CC/C=C\C/C=C\C/C=C\CCCC(=O)O,7,10.21794717,10.21794717,0.265864829,-0.712030396,0.470800097,12.0625,222.328,200.152,222.1619799,90,0,0.302851114,-0.481230254,0.481230254,0.302851114,1,1.5625,2.125,16.36512603,10.18758165,1.920490315,-1.894028922,1.980880371,-1.918347967,5.660575605,-0.136601334,2.253285965,3.326564251,249.4609562,12.06263164,10.06220419,10.06220419,7.77005561,5.937880858,5.937880858,3.579833442,3.579833442,2.041466293,2.041466293,1.197691745,1.197691745,-1.31,3073.482057,14.69,11.76304602,12.69,98.37044527,5.106527395,0,0,0,0,5.969305288,4.794537184,0,0,0,43.37985784,32.10410811,6.420821623,0,9.901064579,5.969305288,0,0,0,45.44866694,0,36.45612064,0,0,0,0,0,0,11.07583268,4.794537184,0,45.44866694,36.45612064,0,0,0,37.3,5.969305288,4.794537184,0,6.420821623,0,32.10410811,0,0,0,43.37985784,5.106527395,0,0,10.21794717,8.415284663,0,-0.712030396,0,17.62038902,2.125076214,0,0.5,16,1,2,0,0,0,0,0,0,0,0,0,1,1,2,0,9,0,0,0,0,0,10.79994663,0,4.1001,68.4318,1,0,0,0,0,0,0,0,1,1,1,0,0,0,0,0,0,0,0,0,0,0,0,0,0,0,6,0,0,0,0,0,0,0,0,0,0,0,0,0,0,0,0,0,0,0,0,0,0,0,0,0,0,0,0,0,0,0,0,0,0,0,0,0,0,0,0,0,0,0,0,0,0,0,0,0,0,0,0,0,0,0,0,1,0
35,36,Filtetralina,"(1R,2S,3S)-1-(3,4-dimetoxifenil)-6,7-dimetoxi-2,3-bis(metoximetil)-1,2,3,4-tetrahidronaftaleno",C24H32O6,COC[C@H]1CC2=CC(=C(C=C2[C@H]([C@@H]1COC)C3=CC(=C(C=C3)OC)OC)OC)OC,8,5.660162037,5.660162037,0.091168745,0.091168745,0.617352143,20.4,416.514,384.258,416.2198887,164,0,0.160530073,-0.492869972,0.492869972,0.160530073,0.7,1.3,1.9,16.51311903,9.665132059,2.385622994,-2.397411164,2.480201183,-2.356218184,5.539665014,0.056531229,2.779029897,2.200465918,849.8300647,21.67299763,18.68961224,18.68961224,14.60794667,10.0583862,10.0583862,7.53683882,7.53683882,6.002776668,6.002776668,4.634110752,4.634110752,-2.44,5802739.481,22.24981966,10.04612764,4.20383674,178.5432429,28.42117772,0,22.99804733,0,0,0,0,0,0,0,6.066367068,59.21245646,26.74438309,35.04607213,28.42117772,0,0,0,11.83581209,12.33872767,55.87254918,47.02218982,0,22.99804733,18.94745182,0,22.99804733,0,55.87254918,15.89454753,11.83581209,22.60826052,30.33183534,0,0,0,55.38,0,0,0,11.83581209,30.63069364,23.48329678,11.12690298,42.65878525,6.066367068,24.26546827,28.42117772,33.4415858,0,0,0,3.597299881,3.5147247,10.30496362,0.890222112,1.284150447,10.1337201,0.5,30,0,6,1,0,1,0,2,0,2,3,0,6,0,6,0,9,0,0,0,0,0,7.45081761,3,3.9342,115.371,0,0,0,0,0,0,0,0,0,0,0,0,0,0,0,0,0,0,0,0,0,0,0,0,0,0,0,0,0,0,0,0,0,0,2,0,1,0,0,0,0,6,0,0,0,0,0,0,0,0,0,0,0,0,0,6,0,0,0,0,0,0,0,0,0,0,0,0,0,0,0,0,0,0,0,0,0,0,0,0,0,0,0,0,0
36,37,Nirtetralina,"(5R,6S,7S)-5-(3,4-dimetoxifenil)-4-metoxi-6,7-bis(metoximetil)-5,6,7,8-tetrahidrobenzo[f][1,3]benzodioxol",C24H30O7,COC[C@H]1CC2=CC3=C(C(=C2[C@H]([C@@H]1COC)C4=CC(=C(C=C4)OC)OC)OC)OCO3,8,5.897362056,5.897362056,0.00638322,-0.00638322,0.633340289,21.51612903,430.497,400.257,430.1991533,168,0,0.231016799,-0.492869972,0.492869972,0.231016799,0.870967742,1.64516129,2.322580645,16.70161454,9.661399516,2.419303973,-2.401121997,2.545911503,-2.358644356,5.638652086,0.056032704,3.257280059,1.937031574,926.6292105,21.95745468,18.72761704,18.72761704,15.15925826,10.35426206,10.35426206,7.847234226,7.847234226,6.281069267,6.281069267,4.991410225,4.991410225,-2.64,15680793.76,21.58670242,9.239762605,3.765394495,182.650957,33.15804068,0,22.99804733,12.54245414,0,0,0,0,0,0,6.066367068,47.5826379,32.30783458,27.93627459,33.15804068,0,0,0,11.83581209,12.33872767,55.55569394,40.95582275,0,28.74755917,23.68431477,0,28.74755917,0,55.55569394,15.89454753,11.83581209,22.60826052,24.26546827,0,0,0,64.61,0,0,0,24.54666044,30.46229943,29.04674827,5.563451492,35.54898771,12.13273414,12.13273414,33.15804068,39.70069701,0,0,0,3.377388222,3.916085173,8.142388117,0.841259527,1.413392105,8.442123174,0.5,31,0,7,1,1,2,0,2,0,2,3,0,7,0,7,1,8,0,0,0,0,0,6.434064701,4,3.6543,114.942,0,0,0,0,0,0,0,0,0,0,0,0,0,0,0,0,0,0,0,0,0,0,0,0,0,0,0,0,0,0,0,0,0,0,2,0,2,0,0,0,0,7,0,0,0,0,0,0,0,0,0,0,0,0,0,5,0,0,0,0,0,0,0,0,0,0,0,0,0,0,0,0,0,0,0,0,0,0,0,0,0,0,0,0,0
37,38,Nirantina,"6-[(2S,3S)-3-[(3,4-dimetoxifenil)metil]-4-metoxi-2-(metoximetil)butil]-4-metoxi-1,3-benzodioxol",C24H32O7,COC[C@@H](CC1=CC(=C(C=C1)OC)OC)[C@H](CC2=CC3=C(C(=C2)OC)OCO3)COC,8,5.590216991,5.590216991,0.210564082,0.210564082,0.506075852,14.22580645,432.513,400.257,432.2148034,170,0,0.231016506,-0.492869979,0.492869979,0.231016506,0.709677419,1.322580645,1.935483871,16.70154048,9.831208903,2.258500829,-2.268533771,2.423056093,-2.274164549,5.547612207,0.06965945,3.262089067,1.830275958,852.061723,22.2169677,18.93472382,18.93472382,15.12558476,10.2827304,10.2827304,7.560293079,7.560293079,5.59005341,5.59005341,4.066380909,4.066380909,-2.64,12034241.28,23.0321711,11.11337182,5.539526223,183.6567882,33.15804068,0,22.99804733,12.54245414,0,0,0,0,0,0,6.066367068,60.0698266,27.43335901,21.32939262,33.15804068,0,0,0,11.83581209,12.84164325,55.55569394,41.45873833,0,28.74755917,23.68431477,0,28.74755917,0,55.55569394,22.31536915,11.83581209,11.12690298,30.33183534,0,0,0,64.61,0,0,0,18.6287544,30.46229943,35.4675699,0,35.54898771,24.26546827,6.066367068,33.15804068,38.61167267,0,0,0,2.264476692,3.962366484,10.05826098,1.617126953,1.434901132,8.384528416,0.5,31,0,7,0,1,1,0,2,0,2,2,0,7,0,7,1,12,0,0,0,0,0,8.256938104,3,3.7515,116.803,0,0,0,0,0,0,0,0,0,0,0,0,0,0,0,0,0,0,0,0,0,0,0,0,0,0,0,0,0,0,0,0,0,0,2,0,1,0,0,0,0,7,0,0,0,0,0,0,0,0,0,0,0,0,0,5,0,0,0,0,0,0,0,0,0,0,0,0,0,0,0,0,0,0,0,0,0,0,0,0,0,0,0,0,0
38,39,Quercetina," 2-(3,4-dihidroxifenil)-3,5,7-trihidroxicromen-4-ona",C15H10O7,OC1=CC(O)=C2C(OC(=C(O)C2=O)C2=CC(O)=C(O)C=C2)=C1,8;9;10;13;17;18;19;20;22;23;26;28;29;31;33;34;39,12.14287431,12.14287431,0.133919123,-0.887671485,0.43419044,10.90909091,302.238,292.158,302.0426527,112,0,0.238288582,-0.507678166,0.507678166,0.238288582,0.818181818,1.545454545,2.227272727,16.35975552,10.08657031,2.188859267,-2.078959295,2.370305384,-2.024797344,5.877619798,0.403199037,2.447729534,2.377257968,956.2426828,16.01614338,10.9393159,10.9393159,10.37991785,6.123140835,6.123140835,4.650442557,4.650442557,3.172955626,3.172955626,2.135461645,2.135461645,-3.35,86490.52307,13.6247375,4.589937947,1.956867218,122.1076695,29.94978791,22.46826802,17.25927109,11.17830223,0,0,4.794537184,0,0,0,0,18.19910121,17.69618563,0,29.94978791,10.96924436,0,0,0,0,0,40.55516292,0,40.07125808,5.428790392,0,28.74755917,0,25.53263697,0,0,0,39.54352346,0,22.29294327,0,131.36,22.67732589,30.32717416,0,33.79196693,0,24.26546827,6.066367068,0,0,0,4.417150937,5.353238851,0,12.14287431,47.6336122,-0.889988662,-2.713941746,5.640871718,0,0,0,0,22,5,7,0,0,0,0,2,1,3,0,0,7,5,7,1,1,0,0,0,0,0,2.842577257,3,1.988,76.244,0,0,0,0,0,0,0,5,0,0,0,0,0,0,0,0,0,0,0,0,0,0,0,0,0,0,0,0,0,0,0,0,0,0,2,0,1,0,0,0,0,0,0,0,0,0,0,0,0,0,0,0,0,0,0,0,0,0,0,0,0,0,0,0,0,4,4,0,0,0,0,0,0,0,0,0,0,0,0,0,0,0,0,0,0
39,40,Quercitrina,"2-(3,4-dihidroxifenil)-5,7-dihidroxi-3-[(2S,3R,4R,5R,6S)-3,4,5-trihidroxi-6-metiloxan-2-il]oxicromen-4-ona",C21H20O11,C[C@@H]1O[C@@H](Oc2c(-c3ccc(O)c(O)c3)oc3cc(O)cc(O)c3c2=O)[C@H](O)[C@H](O)[C@H]1O,8,13.22675863,13.22675863,0.065799582,-1.744646059,0.275988395,25.6875,448.38,428.22,448.1005615,170,0,0.238632695,-0.507678166,0.507678166,0.238632695,0.875,1.59375,2.28125,16.70511495,9.998239449,2.435493055,-2.383868201,2.388491405,-2.580314139,5.879815795,-0.267859191,2.730446094,1.921103948,1234.623492,23.31710829,16.53699102,16.53699102,15.07829516,9.496045235,9.496045235,7.430180187,7.430180187,5.197657211,5.197657211,3.45690476,3.45690476,-3.51,11201188.2,21.71183889,7.87596448,3.564322613,179.107049,49.63656861,40.78016719,17.25927109,17.46832895,0,0,4.794537184,0,0,0,0,25.12283841,17.69618563,6.103966388,49.63656861,10.96924436,0,0,0,37.62962948,0,40.55516292,0,40.07125808,10.16565335,0,28.74755917,0,66.45158404,4.736862954,0,6.9237372,39.54352346,0,22.29294327,0,190.28,59.13273001,40.54022895,0,28.0424551,0,24.26546827,12.99010427,0,0,0,13.89087684,16.63095501,0,13.22675863,69.24251438,-1.052968579,-2.797314743,5.510405463,-7.350158673,1.423141852,0,0.285714286,32,7,11,0,1,1,0,2,1,3,5,0,11,7,11,2,3,0,1,1,0,0,5.343802246,4,0.4887,107.5626,0,3,3,0,0,0,0,4,0,0,0,0,0,0,0,0,0,0,0,0,0,0,0,0,0,0,0,0,0,0,0,0,0,0,2,0,1,0,0,0,0,2,0,0,0,0,0,0,0,0,0,0,0,0,0,0,0,0,0,0,0,0,0,0,0,4,4,0,0,0,0,0,0,0,0,0,0,0,0,0,0,0,0,0,0
40,41,Isoquercitina,"2-(3,4-dihidroxifenil)-5,7-dihidroxi-3-[(2R,3S,4R,5R,6S)-3,4,5-trihidroxi-6-(hidroximetil)oxan-2-il]oxicromen-4-ona",C21H20O12,C1=CC(=C(C=C1C2=C(C(=O)C3=C(C=C(C=C3O2)O)O)O)O[C@@H]4[C@H]([C@@H]([C@@H]([C@@H](O4)CO)O)O)O)O)O)O,8,,,,,,,,,,,,,,,,,,,,,,,,,,,,,,,,,,,,,,,,,,,,,,,,,,,,,,,,,,,,,,,,,,,,,,,,,,,,,,,,,,,,,,,,,,,,,,,,,,,,,,,,,,,,,,,,,,,,,,,,,,,,,,,,,,,,,,,,,,,,,,,,,,,,,,,,,,,,,,,,,,,,,,,,,,,,,,,,,,,,,,,,,,,,,,,,,,,,,,,,,,,,,,,,,,,,,,,,,
41,42,Rutina,"2-(3,4-dihidroxifenil)-5,7-dihidroxi-3-[(2S,3R,4S,5S,6R)-3,4,5-trihidroxi-6-[[(2R,3R,4R,5R,6S)-3,4,5-trihidroxi-6-metiloxan-2-il]oximetil]oxan-2-il]oxicromen-4-ona",C27H30O16,C[C@@H]1O[C@@H](OC[C@H]2O[C@@H](OC3=C(OC4=CC(O)=CC(O)=C4C3=O)C3=CC(O)=C(O)C=C3)[C@H](O)[C@@H](O)[C@@H]2O)[C@H](O)[C@H](O)[C@H]1O,8;9;10;14;20;22;23;23;25;28;31,13.56998897,13.56998897,0.031297856,-1.968199406,0.139517843,33,610.521,580.281,610.1533849,234,0,0.238632695,-0.507678166,0.507678166,0.238632695,0.744186047,1.418604651,2.11627907,16.73162185,9.983623706,2.47478166,-2.41953101,2.39155951,-2.613941406,5.879941461,-0.31829394,2.956343663,1.478468714,1539.635063,31.32517998,22.28898652,22.28898652,20.27667246,13.00800544,13.00800544,10.27821601,10.27821601,7.290919756,7.290919756,4.838536348,4.838536348,-3.71,2312654061,30.73814039,11.75896442,5.671893026,240.9006623,74.4298767,65.19603274,23.54929781,17.46832895,0,0,4.794537184,0,0,0,0,25.12283841,17.69618563,12.71084835,74.4298767,10.96924436,0,0,0,68.33552176,6.606881965,40.55516292,0,40.07125808,10.16565335,0,28.74755917,0,119.0839405,14.21058886,0,6.9237372,39.54352346,0,22.29294327,0,269.43,113.3414877,55.85981113,0,11.14647163,0,24.26546827,12.99010427,0,0,0,23.36460275,27.80214929,0,13.56998897,101.4038637,-1.348315886,-3.331574146,5.235839141,-16.15032966,0.818378549,0,0.444444444,43,10,16,0,2,2,0,2,1,3,10,0,16,10,16,3,6,0,2,2,0,0,8.405783707,5,-1.6871,140.196,0,6,6,0,0,0,0,4,0,0,0,0,0,0,0,0,0,0,0,0,0,0,0,0,0,0,0,0,0,0,0,0,0,0,2,0,1,0,0,0,0,4,0,0,0,0,0,0,0,0,0,0,0,0,0,0,0,0,0,0,0,0,0,0,0,4,4,0,0,0,0,0,0,0,0,0,0,0,0,0,0,0,0,0,0
42,43,Corilagina,"[(1S,19R,21S,22R,23R)-6,7,8,11,12,13,22,23-octahidroxi-3,16-dioxo-2,17,20-trioxatetraciclo[17.3.1.04,9.010,15]tricosa-4,6,8,10,12,14-hexaen-21-il] 3,4,5-trihidroxibenzoato",C27H22O18,O[C@@H]1[C@H]2COC(=O)c3cc(O)c(O)c(O)c3-c3c(O)c(O)c(O)cc3C(=O)O[C@@H]1[C@@H](O)[C@@H](O2)OC(=O)c1cc(O)c(O)c(O)c1,8,13.4543306,13.4543306,0.507732997,-2.216166227,0.09789164,22.93333333,634.455,612.279,634.0806139,238,0,0.340315981,-0.50414374,0.50414374,0.340315981,0.666666667,1.155555556,1.688888889,16.72854658,9.910891785,2.497783151,-2.409116515,2.525162944,-2.60723492,6.079659357,-0.283916032,2.990173991,1.610531698,1725.386202,33.06566695,22.18034679,22.18034679,21.11487642,12.53607071,12.53607071,9.791842519,9.791842519,6.990348248,6.990348248,4.711893201,4.711893201,-5.85,5029687456,30.60266519,11.01102654,5.071374802,248.4937267,75.11925316,18.81481474,52.45451561,17.7890504,0,17.90791586,0,14.38361155,0,0,0,24.26546827,11.12690298,16.69035448,89.50286471,17.90791586,0,0,0,30.70589228,6.606881965,40.95582275,0,62.87250948,0,0,51.7456065,0,111.3924915,18.94745182,0,31.07396603,24.26546827,0,11.12690298,0,310.66,134.7835541,70.5554129,0,0,24.26546827,0,0,0,0,0,18.94745182,20.82004271,0,39.38653067,112.5994637,-4.123688114,-14.5102661,2.452065793,-10.17684115,-0.947307556,0,0.222222222,45,11,18,0,2,2,0,3,0,3,5,2,18,11,18,2,2,0,1,1,0,0,7.488150194,5,-0.2965,138.8793,0,2,2,0,0,0,0,9,0,0,3,3,0,0,0,0,0,0,0,0,0,0,0,0,0,0,0,0,0,0,0,0,0,0,3,0,5,0,0,0,3,4,0,0,0,0,0,0,0,0,0,0,0,0,1,0,0,0,0,0,0,0,0,0,0,9,9,0,0,0,0,0,0,0,0,0,0,0,0,0,0,0,0,0,0
43,44,Geraniína (Geraniin),"3,4,5-trihidroxibenzoato de [(1R,7R,8S,26R,28S,29R,38R)-1,13,14,15,18,19,20,34,35,39,39-undecahidroxi-2,5,10,23,31-pentaoxo-6,9,24,27,30,40-hexaoxaoctaciclo[34.3.1.04,38.07,26.08,29.011,16.017,22.032,37]tetraconta-3,11,13,15,17,19,21,32,34,36-decaen-28-ilo]",C41H28O27,O=C1O[C@H]2[C@@H]3OC(=O)c4cc(O)c(O)c(O)c4-c4c(cc(O)c(O)c4O)C(=O)OC[C@H]2O[C@@H](OC(=O)c2cc(O)c(O)c(O)c2)[C@@H]3OC(=O)c2cc(O)c(O)c3c2[C@@H]2C1=CC(=O)[C@](O)(O3)C2(O)O,8,14.61353818,14.61353818,0.263621372,-3.978588757,0.049056292,25.69117647,952.648,924.424,952.0817956,354,0,0.340359764,-0.50414374,0.50414374,0.340359764,0.573529412,1.073529412,1.676470588,16.75015286,9.699662008,2.700481559,-2.488669013,2.585893589,-2.698137252,6.097468719,-0.339258615,3.278915791,1.295387592,3018.789842,49.37470355,33.20352812,33.20352812,31.86873216,19.0587064,19.0587064,15.45433139,15.45433139,11.52635963,11.52635963,8.253944608,8.253944608,-8.92,3.94953E+14,44.29019518,14.79867856,6.205738626,372.9711646,104.6494242,12.71084835,63.95353928,35.42577356,5.787111153,35.63363759,4.794537184,23.97268592,0,0,0,36.40785545,16.69035448,33.74481654,133.4166473,35.62977139,0,0,0,48.19802063,6.606881965,69.79821744,0,80.12104498,4.736862954,0,68.994142,0,156.0081515,38.01025209,0,52.91331224,41.98095998,0,11.12690298,0,450.25,203.946081,100.2586066,0,6.076020107,30.33183534,0,0,0,0,0,33.15804068,38.91359979,0,84.82760875,150.1897187,-8.475586821,-36.50185767,2.321977725,-12.12952229,-1.312604894,0,0.219512195,68,14,27,1,4,5,0,4,0,4,7,6,27,14,27,4,2,0,1,1,0,0,9.638770025,9,-1.1015,204.2982,0,3,0,0,0,0,0,11,0,0,6,6,0,0,0,0,0,0,0,0,0,0,0,0,0,0,0,0,0,0,0,0,0,0,4,0,4,0,0,0,5,7,0,0,0,0,0,0,0,0,0,1,0,0,1,0,0,0,0,0,0,0,0,0,0,11,11,0,0,0,0,0,0,0,0,0,0,0,0,0,0,0,0,0,0
44,45,Filantina (Phyllanthin),"4-[(2S,3S)-3-[(3,4-dimetoxifenil)metil]-4-metoxi-2-(metoximetil)butil]-1,2-dimetoxibenceno",C24H34O6,COC[C@@H](Cc1ccc(OC)c(OC)c1)[C@@H](COC)Cc1ccc(OC)c(OC)c1,8,5.56789207,5.56789207,0.264951473,0.264951473,0.489544233,12.86666667,418.53,384.258,418.2355388,166,0,0.160486761,-0.492869979,0.492869979,0.160486761,0.533333333,0.9,1.2,16.51303864,9.831862797,2.235917663,-2.268636099,2.321717986,-2.274109487,5.436782156,0.069670735,2.777476417,2.246808095,710.7866247,21.93251065,18.89671902,18.89671902,14.59110992,9.992837613,9.992837613,7.217762581,7.217762581,5.319837294,5.319837294,3.772209296,3.772209296,-2.44,4521734.384,23.83520812,12.29981566,6.277041197,179.5490741,28.42117772,0,22.99804733,0,0,0,0,0,0,0,12.13273414,60.0698266,27.43335901,28.43919017,28.42117772,0,0,0,11.83581209,12.84164325,55.87254918,47.52510539,0,22.99804733,18.94745182,0,22.99804733,0,55.87254918,22.31536915,11.83581209,11.12690298,36.39820241,0,0,0,55.38,0,0,0,11.83581209,13.21376393,35.83969058,11.12690298,42.65878525,24.26546827,12.13273414,28.42117772,32.77649128,0,0,0,2.339100986,3.442236376,12.09076357,1.685536817,1.269168556,10.06336908,0.5,30,0,6,0,0,0,0,2,0,2,2,0,6,0,6,0,13,0,0,0,0,0,9.772288868,2,4.0314,117.232,0,0,0,0,0,0,0,0,0,0,0,0,0,0,0,0,0,0,0,0,0,0,0,0,0,0,0,0,0,0,0,0,0,0,2,0,0,0,0,0,0,6,0,0,0,0,0,0,0,0,0,0,0,0,0,6,0,0,0,0,0,0,0,0,0,0,0,0,0,0,0,0,0,0,0,0,0,0,0,0,0,0,0,0,0
45,46,Nirurina (Nirurin),"6,7-dihidroxi-2-(4-hidroxifenil)-8-(3-metilbut-2-enil)-5-[(2S,3R,4S,5S,6R)-3,4,5-trihidroxi-6-[[(2R,3R,4R,5R,6S)-3,4,5-trihidroxi-6-metiloxan-2-il]oximetil]oxan-2-il]oxi-2,3-dihidrocromen-4-ona",C32H40O15,C[C@H]1[C@@H]([C@H]([C@H]([C@@H](O1)OC[C@@H]2[C@H]([C@@H]([C@H]([C@@H](O2)OC3=C(C(=C(C4=C3C(=O)CC(O4)C5=CC=C(C=C5)O)CC=C(C)C)O)O)O)O)O)O)O)O,8,13.69318385,13.69318385,0.008546152,-1.92901685,0.133683225,33.89361702,664.657,624.337,664.2367206,258,0,0.228976464,-0.507966607,0.507966607,0.228976464,0.85106383,1.489361702,2.14893617,16.73173417,9.91203795,2.482321218,-2.422452637,2.52444438,-2.613076318,6.04253464,-0.318315378,3.032467875,1.446867065,1472.079376,34.31674381,25.83333675,25.83333675,22.18735606,15.09556319,15.09556319,12.16719571,12.16719571,8.478145473,8.478145473,5.661770321,5.661770321,-3.51,15202524511,34.8143692,13.91930019,6.898212873,268.9575951,69.64306132,65.89420626,23.57229534,12.03953856,0,0,4.794537184,0,0,0,23.78185877,44.88821885,5.563451492,19.13166998,74.43759851,5.783244946,0,0,0,101.1286058,6.606881965,52.60494739,0,28.74755917,9.473725908,0,28.74755917,0,119.760658,20.63141048,0,54.78089127,35.91459291,0,0,0,245.29,97.15441336,50.75328374,0,35.4675699,5.563451492,5.57310453,19.05647134,18.20875424,13.8474744,0,23.68431477,28.5509215,0,13.69318385,94.19761227,1.26364447,-2.76450913,6.016184183,-15.13242367,4.508719854,0,0.53125,47,9,15,0,3,3,0,2,0,2,11,0,15,9,15,3,8,0,2,2,0,1,10.31046077,5,0.0491,158.9467,0,6,6,0,0,0,0,3,0,0,1,1,0,0,0,0,0,0,0,0,0,0,0,0,0,0,2,0,0,0,0,0,0,0,2,0,1,0,0,0,0,5,0,0,0,0,0,0,0,0,0,1,1,0,0,0,0,0,0,0,0,0,0,0,0,3,3,0,0,0,0,0,0,0,0,0,0,0,0,0,0,0,0,0,0
46,47,Epicatequina,"2R,3R)-2-(3,4-dihidroxifenil)-3,4-dihidro-2H-cromeno-3,5,7-triol",C15H14O6,O[C@@H]1CC2=C(O)C=C(O)C=C2O[C@@H]1C1=CC(O)=C(O)C=C1,9;10,10.18034297,10.18034297,0.142543199,-0.933439153,0.509592731,20.61904762,290.271,276.159,290.0790382,110,0,0.157304618,-0.507679031,0.507679031,0.157304618,0.904761905,1.666666667,2.380952381,16.50607245,9.936487727,2.319067489,-2.309886244,2.421834374,-2.298533227,5.515692784,0.019664509,2.421471333,1.997881017,696.8034648,15.14589989,10.89287493,10.89287493,9.952397498,6.368997045,6.368997045,4.999660466,4.999660466,3.514868398,3.514868398,2.465957939,2.465957939,-2.6,57289.59026,13.38615917,4.746545499,2.295403168,119.6622065,30.26949993,23.35250189,11.49902367,0,0,0,0,0,0,0,6.066367068,17.69618563,24.11700725,6.103966388,30.26949993,0,0,0,0,18.6287544,0,41.45873833,0,28.74755917,4.736862954,0,28.74755917,0,31.63660336,6.420821623,0,17.23086937,30.33183534,0,0,0,110.38,12.20793278,25.53263697,0,35.16838079,11.12690298,0,30.33183534,0,0,0,4.736862954,5.624025888,0,0,48.29762027,0.894289756,-0.588932771,6.666153275,-1.559823082,0,0,0.2,21,5,6,0,1,1,0,2,0,2,2,0,6,5,6,1,1,0,0,0,0,0,3.025619693,3,1.5461,72.623,0,1,1,0,0,0,0,4,0,0,0,0,0,0,0,0,0,0,0,0,0,0,0,0,0,0,0,0,0,0,0,0,0,0,2,0,1,0,0,0,0,1,0,0,0,0,0,0,0,0,0,0,0,0,0,0,0,0,0,0,0,0,0,0,0,4,4,0,0,0,0,0,0,0,0,0,0,0,0,0,0,0,0,0,0
47,48,Isovitexina,"5,7-dihidroxi-2-(4-hidroxifenil)-6-[(2S,3R,4R,5S,6R)-3,4,5-trihidroxi-6-(hidroximetil)oxan-2-il]cromen-4-ona",C21H20O10,O=c1cc(-c2ccc(O)cc2)oc2cc(O)c([C@@H]3O[C@H](CO)[C@@H](O)[C@H](O)[C@H]3O)c(O)c12,9,12.74163921,12.74163921,0.019764634,-1.768184903,0.299596203,26.25806452,432.381,412.221,432.1056468,164,0,0.196592066,-0.507966213,0.507966213,0.196592066,0.903225806,1.580645161,2.225806452,16.54487167,9.893871323,2.456419614,-2.400145153,2.441569143,-2.54786665,5.878227119,-0.231795521,2.731321635,1.85243689,1167.479386,22.4468648,15.91319978,15.91319978,14.72245311,9.351746287,9.351746287,7.302372546,7.302372546,5.339201974,5.339201974,3.693174246,3.693174246,-3.15,8193790.101,21.09616156,7.836127626,3.497753397,173.9935038,44.89970565,64.49785921,5.428790392,0,0,0,4.794537184,0,0,0,0,24.26546827,17.69618563,12.17033346,44.89970565,10.96924436,0,0,0,30.51983194,6.606881965,52.18498148,0,28.57223441,5.428790392,0,17.2485355,0,66.76843928,4.736862954,0,11.66741788,45.60989053,0,22.29294327,0,181.05,59.61797945,40.54022895,0,22.47900361,5.563451492,12.13273414,24.26546827,0,0,0,9.154013891,11.03047558,0,12.74163921,69.97449803,-0.741245947,-1.186196841,7.996040455,-7.948822156,-0.699721661,0,0.285714286,31,7,10,0,1,1,0,2,1,3,5,0,10,7,10,2,3,0,1,1,0,0,5.332652079,4,0.0917,105.6346,0,4,4,0,0,0,0,3,0,0,0,0,0,0,0,0,0,0,0,0,0,0,0,0,0,0,0,0,0,0,0,0,0,0,2,0,1,0,0,0,0,1,0,0,0,0,0,0,0,0,0,0,0,0,0,0,0,0,0,0,0,0,0,0,0,3,3,0,0,0,0,0,0,0,0,0,0,0,0,0,0,0,0,0,0
48,49,Charantin,"(2R,3R,4S,5S,6R)-2-[[(3S,8S,9S,10R,13R,14S,17R)-17-[(2R,5R)-5-etil-6-metilheptan-2-il]-10,13-dimetil-2,3,4,7,8,9,11,12,14,15,16,17-dodecahidro-1H-ciclopenta[a]fenantren-3-il]oxi]-6-(hidroximetil)oxano-3,4,5-triol;( 2R,3R,4S,5S,6R)-2-[[(3S,8S,9S,10R,13R,14S,17R)-17-[(2R,5R)-5-etil-6-metilhept-6-en-2-il]-10,13-dimetil-2,3,4,7,8,9,11,12,14,15,16,17-dodecahidro-1H-ciclopenta[a]fenantren-3-il]oxi]-6-(hidroximetil)oxano-3,4,5-triol",C70H118O12,CC[C@H](CC[C@@H](C)[C@H]1CC[C@@H]2[C@@]1(CC[C@H]3[C@H]2CC=C4[C@@]3(CC[C@@H](C4)O[C@H]5[C@@H]([C@H]([C@@H]([C@H](O5)CO)O)O)O)O)C)C)C(C)C. CC[C@H](CC[C@@H](C)[C@H]1CC[C@@H]2[C@@]1(CC[C@H]3[C@H]2CC=C4[C@@]3(CC[C@@H](C4)O[C@H]5[C@@H]([C@H]([C@@H]([C@H](O5)CO)O)O)O)O)C)C)C(=C)C,10,,,,,,,,,,,,,,,,,,,,,,,,,,,,,,,,,,,,,,,,,,,,,,,,,,,,,,,,,,,,,,,,,,,,,,,,,,,,,,,,,,,,,,,,,,,,,,,,,,,,,,,,,,,,,,,,,,,,,,,,,,,,,,,,,,,,,,,,,,,,,,,,,,,,,,,,,,,,,,,,,,,,,,,,,,,,,,,,,,,,,,,,,,,,,,,,,,,,,,,,,,,,,,,,,,,,,,,,,
49,50,Momordicina I,"3,7-dihidroxi-17-(4-hidroxi-6-metilhept-5-en-2-il)-4,4,13,14-tetrametil-2,3,7,8,10,11,12,15,16,17-decahidro-1H-ciclopenta[a]fenantreno-9-carbaldehído",C30H48O4____,CC(C)=CC(O)CC(C)C1CCC2(C)C3C(O)C=C4C(CCC(O)C4(C)C)C3(C=O)CCC12C,10,13.06744602,13.06744602,0.018163462,-0.670397486,0.366934454,46.88235294,472.71,424.326,472.35526,192,0,0.126652899,-0.392235741,0.392235741,0.126652899,1.058823529,1.735294118,2.352941176,16.27231646,9.380770947,2.702423698,-2.655416012,2.741563417,-2.639470578,5.645920362,-0.182507452,3.011149838,1.716906185,869.0311097,25.26722023,22.47313924,22.47313924,15.74170738,13.62096037,13.62096037,13.69236996,13.69236996,11.50771892,11.50771892,9.551799514,9.551799514,-0.97,21156124.97,26.10321057,8.55822703,3.530365686,206.464265,20.11411937,6.286160523,0,0,0,0,0,0,0,0,57.91693527,87.37692484,16.74788698,18.31189916,20.11411937,6.286160523,0,0,45.33158606,111.7238109,0,23.29824927,0,0,0,0,0,0,39.91764187,4.794537184,45.33158606,93.41191176,23.29824927,0,0,0,77.76,29.1418801,20.11411937,0,22.66579303,18.25663372,49.6711388,6.286160523,0,25.99951461,34.618686,0,0,0,13.06744602,33.04536163,1.13830514,0.839258476,0,9.844255991,15.23203941,0,0.833333333,34,3,4,4,0,4,0,0,0,0,10,0,4,3,4,0,5,3,0,3,0,10,6.570505949,4,5.4556,135.9794,0,3,3,0,0,0,0,0,0,0,1,1,0,0,0,0,0,0,0,0,0,0,0,1,0,0,1,0,0,0,0,0,0,0,0,0,5,0,0,0,0,0,0,0,0,0,0,0,0,0,0,0,0,0,0,0,0,0,0,0,0,0,0,0,0,0,0,0,0,0,0,0,0,0,0,0,0,0,0,0,0,0,0,0,0
50,51,Momordicina II,"(3S,7S,8S,9R,10R,13R,14S,17R)-3,7-dihidroxi-4,4,13,14-tetrametil-17-[(2R)-6-metil-4-[(2R,3R,4S,5S,6R)-3,4,5-trihidroxi-6-(hidroximetil)oxan-2-il]oxihept-5-en-2-il]-2,3,7,8,10,11,12,15,16,17-decahidro-1H-ciclopenta[a]fenantreno-9-carbaldehído",C36H58O9,C[C@H](CC(C=C(C)C)O[C@H]1[C@@H]([C@H]([C@@H]([C@H](O1)CO)O)O)O)O)[C@H]2CC[C@@]3([C@@]2(CC[C@@]4([C@H]3[C@H](C=C5[C@H]4CC[C@@H](C5(C)C)O)O)C=O)C)C,10,,,,,,,,,,,,,,,,,,,,,,,,,,,,,,,,,,,,,,,,,,,,,,,,,,,,,,,,,,,,,,,,,,,,,,,,,,,,,,,,,,,,,,,,,,,,,,,,,,,,,,,,,,,,,,,,,,,,,,,,,,,,,,,,,,,,,,,,,,,,,,,,,,,,,,,,,,,,,,,,,,,,,,,,,,,,,,,,,,,,,,,,,,,,,,,,,,,,,,,,,,,,,,,,,,,,,,,,,
51,52,Isorhamnetina,"3,5,7-trihidroxi-2-(4-hidroxi-3-metoxifenil)cromen-4-ona",C16H12O7,COc1cc(-c2oc3cc(O)cc(O)c3c(=O)c2O)ccc1O,10,12.2436652,12.2436652,0.090424225,-0.84185941,0.572139085,10.82608696,316.265,304.169,316.0583027,118,0,0.238288582,-0.507678166,0.507678166,0.238288582,1,1.739130435,2.434782609,16.47431613,10.08583,2.191324627,-2.091341933,2.373878239,-2.026230666,5.877777797,0.373161343,2.504466314,2.346651189,972.3051866,16.72325016,11.9003506,11.9003506,10.91792266,6.511906472,6.511906472,4.833577061,4.833577061,3.377264061,3.377264061,2.289650026,2.289650026,-3.35,149253.67,14.58157465,5.130953969,2.277096847,128.7919231,29.58012347,22.46826802,17.25927109,11.17830223,0,0,4.794537184,0,0,0,0,18.19910121,17.69618563,7.109797541,29.58012347,10.96924436,0,0,0,0,7.109797541,40.55516292,0,40.07125808,10.16565335,0,28.74755917,0,27.53590712,0,0,0,39.54352346,0,22.29294327,0,120.36,16.92781406,25.22064676,0,39.54147877,0,12.13273414,25.30889875,0,0,0,9.154013891,10.42481468,0,12.2436652,38.72275488,-0.655447846,-1.660590147,6.238961995,0,0,1.352507901,0.0625,23,4,7,0,0,0,0,2,1,3,0,0,7,4,7,1,2,0,0,0,0,0,3.252929927,3,2.291,81.1312,0,0,0,0,0,0,0,4,0,0,0,0,0,0,0,0,0,0,0,0,0,0,0,0,0,0,0,0,0,0,0,0,0,0,2,0,1,0,0,0,0,1,0,0,0,0,0,0,0,0,0,0,0,0,0,1,0,0,0,0,0,0,0,0,0,3,3,0,0,0,0,0,0,0,0,0,0,0,0,0,0,0,0,0,0
52,53,Astilbina,"(2R,3R)-2-(3,4-dihidroxifenil)-5,7-dihidroxi-3-[(2S,3R,4R,5R,6S)-3,4,5-trihidroxi-6-metiloxan-2-il]oxi-2,3-dihidrocromen-4-ona",C21H22O11,C[C@@H]1O[C@@H](O[C@H]2C(=O)c3c(O)cc(O)cc3O[C@@H]2c2ccc(O)c(O)c2)[C@H](O)[C@H](O)[C@H]1O,11,13.284629,13.284629,0.153841858,-1.710479392,0.312961474,32.25,450.396,428.22,450.1162115,172,0,0.202865879,-0.507678567,0.507678567,0.202865879,0.875,1.59375,2.28125,16.71348965,9.916759071,2.478883942,-2.415807583,2.440828266,-2.585531023,6.054354253,-0.304120987,2.730446094,1.752041884,1038.646233,23.31710829,16.69169156,16.69169156,15.07829516,9.719885068,9.719885068,7.726938532,7.726938532,5.516964134,5.516964134,3.769290642,3.769290642,-3.09,11201188.2,22.11638575,8.113571959,3.696323041,180.8231081,49.95628063,41.12388615,29.99698317,5.783244946,0,0,4.794537184,0,0,0,6.066367068,24.61992283,12.13273414,6.103966388,54.75081781,5.783244946,0,0,0,49.83756226,0,41.45873833,0,28.74755917,4.736862954,0,28.74755917,0,78.33879538,9.473725908,0,28.94914375,30.33183534,0,0,0,186.37,65.9456055,40.54022895,0,22.62592665,0,18.19910121,19.05647134,0,0,0,14.21058886,16.90586241,0,13.284629,69.71448806,-0.099958585,-2.786623816,5.71707213,-10.00800637,1.439203832,0,0.380952381,32,7,11,0,2,2,0,2,0,2,7,0,11,7,11,2,3,0,1,1,0,0,5.607590228,4,0.0381,104.4711,0,3,3,0,0,0,0,4,0,0,1,1,0,0,0,0,0,0,0,0,0,0,0,0,0,0,0,0,0,0,0,0,0,0,2,0,1,0,0,0,0,3,0,0,0,0,0,0,0,0,0,1,1,0,0,0,0,0,0,0,0,0,0,0,0,4,4,0,0,0,0,0,0,0,0,0,0,0,0,0,0,0,0,0,0
53,54,Miricitrina,"5,7-dihidroxi-3-[(2S,3R,4R,5R,6S)-3,4,5-trihidroxi-6-metiloxan-2-il]oxi-2-(3,4,5-trihidroxifenil)cromen-4-ona",C21H20O12,C[C@@H]1O[C@@H](Oc2c(oc3cc(O)cc(O)c3c2=O)-c2cc(O)c(O)c(O)c2)[C@H](O)[C@H](O)[C@H]1O,11,13.24918635,13.24918635,0.167996714,-1.797050894,0.244254674,25.27272727,464.379,444.219,464.0954761,176,0,0.238632716,-0.507678166,0.507678166,0.238632716,0.848484848,1.484848485,2.121212121,16.70515456,9.998120884,2.435932551,-2.383879431,2.425857038,-2.58031421,5.881924793,-0.267859148,2.744246139,1.947254626,1259.45085,24.18735178,16.90685435,16.90685435,15.48897876,9.636318699,9.636318699,7.589791219,7.589791219,5.291924822,5.291924822,3.52751183,3.52751183,-3.71,16385092.38,22.48273681,8.008932265,3.741602699,183.9012828,54.743096,40.78016719,23.00878292,17.46832895,0,0,4.794537184,0,0,0,0,19.05647134,17.69618563,6.103966388,54.743096,10.96924436,0,0,0,37.62962948,0,34.48879585,0,45.82076991,10.16565335,0,34.497071,0,71.55811144,4.736862954,0,6.9237372,33.47715639,0,22.29294327,0,210.51,81.77822531,45.64675634,0,11.14647163,0,24.26546827,6.9237372,0,0,0,13.89087684,16.50742688,0,13.24918635,79.14781013,-1.445117105,-4.550588494,3.786879398,-7.589014495,1.393417334,0,0.285714286,33,8,12,0,1,1,0,2,1,3,5,0,12,8,12,2,3,0,1,1,0,0,5.456445947,4,0.1943,109.2274,0,3,3,0,0,0,0,5,0,0,0,0,0,0,0,0,0,0,0,0,0,0,0,0,0,0,0,0,0,0,0,0,0,0,2,0,1,0,0,0,0,2,0,0,0,0,0,0,0,0,0,0,0,0,0,0,0,0,0,0,0,0,0,0,0,5,5,0,0,0,0,0,0,0,0,0,0,0,0,0,0,0,0,0,0
54,55,Engeletina (engeletin),"(2R,3R)-5,7-dihidroxi-2-(4-hidroxifenil)-3-[(2S,3R,4R,5R,6S)-3,4,5-trihidroxi-6-metiloxan-2-il]oxi-2,3-dihidrocromen-4-ona",C21H22O10,C[C@H]1[C@@H]([C@H]([C@H]([C@@H](O1)O[C@@H]2[C@H](OC3=CC(=CC(=C3C2=O)O)O)C4=CC=C(C=C4)O)O)O)O,11,13.26220128,13.26220128,0.01757949,-1.658074557,0.396303664,32.90322581,434.397,412.221,434.1212969,166,0,0.202865858,-0.507966606,0.507966606,0.202865858,0.903225806,1.580645161,2.258064516,16.71344405,9.918345044,2.477645562,-2.415756396,2.432927195,-2.58552862,6.05419411,-0.304120043,2.717316882,1.728546675,974.8708974,22.4468648,16.32182823,16.32182823,14.66761155,9.579611603,9.579611603,7.570319032,7.570319032,5.410581962,5.410581962,3.715855723,3.715855723,-2.89,7652301.287,21.34616483,7.984956369,3.79532058,176.0288743,44.84975323,46.87339799,18.4979595,5.783244946,0,0,4.794537184,0,0,0,12.13273414,24.61992283,12.13273414,6.103966388,49.64429041,5.783244946,0,0,0,49.83756226,0,47.52510539,0,22.99804733,4.736862954,0,22.99804733,0,73.23226798,9.473725908,0,28.94914375,36.39820241,0,0,0,166.14,54.44658184,35.43370155,0,22.81198699,5.563451492,6.066367068,37.25557254,0,0,0,14.21058886,17.02939054,0,13.26220128,59.76736077,0.194743323,-1.636294132,7.900690787,-9.487020917,1.46892835,0,0.380952381,31,6,10,0,2,2,0,2,0,2,7,0,10,6,10,2,3,0,1,1,0,0,5.498328864,4,0.3325,102.8063,0,3,3,0,0,0,0,3,0,0,1,1,0,0,0,0,0,0,0,0,0,0,0,0,0,0,0,0,0,0,0,0,0,0,2,0,1,0,0,0,0,3,0,0,0,0,0,0,0,0,0,1,1,0,0,0,0,0,0,0,0,0,0,0,0,3,3,0,0,0,0,0,0,0,0,0,0,0,0,0,0,0,0,0,0
55,56,Friedelinol,"4,4a,6a,6b,8a,11,11,14a-octametil-1,2,3,4,5,6,6a,7,8,9,10,12,12a,13,14,14b-hexadecahidropicen-3-ol",C30H52O,CC1C(CCC2C1(CCC3C2(CCC4(C3(CCC5(C4CC(CC5)(C)C)C)C)C)C)C)O,11,10.74783161,10.74783161,0.078053991,-0.078053991,0.411551878,60.87096774,428.745,376.329,428.4018163,178,0,0.057072725,-0.392830944,0.392830944,0.057072725,0.580645161,1.193548387,1.903225806,16.26719743,9.298412635,2.702709574,-2.746935774,2.779599002,-2.674748735,5.19162546,-0.262635869,2.689172928,1.539454778,740.6937102,22.66492594,22.11213953,22.11213953,14.2201801,13.90102872,13.90102872,15.49874477,15.49874477,13.94049908,13.94049908,11.36426826,11.36426826,-0.04,5661357.104,22.73744817,6.545097281,2.769607445,193.0876503,5.106527395,0,0,0,0,0,0,0,0,0,55.3898976,126.7906049,0,6.103966388,5.106527395,0,0,0,56.161567,132.1229018,0,0,0,0,0,0,0,0,11.21049378,0,56.161567,126.0189354,0,0,0,0,20.23,0,5.106527395,0,6.103966388,38.40784886,24.17453976,64.20821623,0,0,55.3898976,0,0,0,0,10.74783161,2.875672291,3.023039696,0,15.07681004,20.94331303,0,1,31,1,1,5,0,5,0,0,0,0,10,0,1,1,1,0,0,5,0,5,0,10,4.800606781,5,8.2488,130.7438,0,1,1,0,0,0,0,0,0,0,0,0,0,0,0,0,0,0,0,0,0,0,0,0,0,0,0,0,0,0,0,0,0,0,0,0,7,0,0,0,0,0,0,0,0,0,0,0,0,0,0,0,0,0,0,0,0,0,0,0,0,0,0,0,0,0,0,0,0,0,0,0,0,0,0,0,0,0,0,0,0,0,0,0,0
56,57,Ilexgenina A,"ácido (3S,4R,4aR,6aR,6bS,8aS,11R,12R,12aS,14aR,14bR)-3,12-dihidroxi-4,6a,6b,11,12,14b-hexametil-1,2,3,4a,5,6,7,8,9,10,11,12a,14,14a-tetradecahidropiceno-4,8a-dicarboxílico",C30H46O6,C[C@@H]1CC[C@@]2(CC[C@@]3(C(=CC[C@H]4[C@]3(CC[C@@H]5[C@@]4(CC[C@@H]([C@]5(C)C(=O)O)O)C)C)[C@@H]2[C@]1(C)O)C)C(=O)O,11,12.83377235,12.83377235,0.021402474,-1.159994554,0.382549686,56.33333333,502.692,456.324,502.3294392,202,0,0.311795541,-0.4808042,0.4808042,0.311795541,0.861111111,1.527777778,2.138888889,16.37500362,9.326812746,2.718965929,-2.711121489,2.756528903,-2.680584033,5.771962959,-0.224086072,2.789197666,1.642602349,1016.909302,26.68986997,22.93341361,22.93341361,16.53186983,14.11037759,14.11037759,14.49657478,14.49657478,13.5842531,13.5842531,10.82603243,10.82603243,-1.4,54458850.14,26.21682193,7.587981198,2.811688617,215.1037928,20.42610958,0,0,0,0,11.93861058,9.589074368,0,0,0,39.34407344,105.6335586,5.917906046,22.53499814,30.01518395,11.93861058,0,0,50.74657653,111.034835,0,11.64912464,0,0,0,0,0,0,44.06973735,9.589074368,50.74657653,99.3298178,11.64912464,0,0,0,115.06,40.39151476,30.01518395,0,33.99868955,19.26246487,44.09803427,0,6.9237372,6.9237372,33.77096891,0,0,0,25.35195503,43.53411333,-2.657428993,-1.92941816,0,7.767998552,12.5994469,0,0.866666667,36,4,6,5,0,5,0,0,0,0,11,0,4,4,6,0,2,4,0,4,0,0,5.525909774,5,5.2691,136.0332,2,2,1,0,0,0,0,0,2,2,2,0,0,0,0,0,0,0,0,0,0,0,0,0,0,0,1,0,0,0,0,0,0,0,0,0,7,0,0,0,0,0,0,0,0,0,0,0,0,0,0,0,0,0,0,0,0,0,0,0,0,0,0,0,0,0,0,0,0,0,0,0,0,0,0,0,0,0,0,0,0,0,0,0,0
57,58,Quassin,"(1S,2S,6S,7S,9R,13R,17S)-4,15-dimetoxi-2,6,14,17-tetrametil-10-oxatetraciclo[7.7.1.02,7.013,17]heptadeca-4,14-dieno-3,11,16-triona",C22H28O6,C[C@@H]1C=C(C(=O)[C@]2([C@H]1C[C@@H]3[C@@]4([C@@H]2C(=O)C(=C([C@@H]4CC(=O)O3)C)OC)C)C)OC,12,13.6905343,13.6905343,0.020441232,-0.936189531,0.677081339,45,388.46,360.236,388.1885886,152,0,0.306212441,-0.493333362,0.493333362,0.306212441,1.142857143,1.821428571,2.428571429,16.54689685,9.398587937,2.715184477,-2.636325172,2.666107105,-2.688114066,6.069985633,-0.216681878,2.632221482,1.986021982,837.9650422,20.59349365,17.32780492,17.32780492,13.11549862,9.908659987,9.908659987,9.162931298,9.162931298,8.101899874,8.101899874,6.806141574,6.806141574,-2.11,1513427.328,19.21705176,5.943155884,2.063214244,164.8257067,14.21058886,6.103966388,11.51832974,11.56648989,0,5.969305288,14.38361155,0,0,0,20.7712116,36.82949555,22.66579303,20.64041671,28.59420041,17.53579518,0,0,34.50160512,46.64055843,14.21959508,23.16745438,0,0,0,0,0,0,37.85935665,28.59420041,34.50160512,40.53659204,23.16745438,0,0,0,78.9,22.85185337,14.38361155,0,47.46949981,12.17998649,5.57310453,14.21959508,0,33.77096891,0,14.21058886,16.6981534,0,39.63870741,0,-0.795209567,-0.854176062,0,2.207874071,7.8006113,2.970706115,0.681818182,28,0,6,3,1,4,0,0,0,0,7,0,6,0,6,1,2,1,1,2,0,0,4.078926224,4,2.819,99.777,0,0,0,0,0,0,0,0,0,0,3,3,0,0,0,0,0,0,0,0,0,0,0,0,0,0,4,0,0,0,0,0,0,0,0,0,2,0,0,0,1,3,0,0,0,0,0,0,0,0,0,2,2,0,0,2,0,0,0,0,0,0,0,0,0,0,0,0,0,0,0,0,0,0,0,0,0,0,0,0,0,0,0,0,0
58,59,Neoquassin,"(1S,2S,6S,7S,9R,13R,17S)-11-hidroxi-4,15-dimetoxi-2,6,14,17-tetrametil-10-oxatetraciclo[7.7.1.02,7.013,17]heptadeca-4,14-dieno-3,16-diona",C22H30O6,C[C@@H]1C=C(C(=O)[C@]2([C@H]1C[C@@H]3[C@@]4([C@@H]2C(=O)C(=C([C@@H]4CC(O3)O)C)OC)C)C)OC,12,13.71296202,13.71296202,0.050108655,-0.906522109,0.780526835,47.89285714,390.476,360.236,390.2042387,154,0,0.203412993,-0.493333362,0.493333362,0.203412993,1.178571429,1.857142857,2.464285714,16.61273401,9.398201739,2.710298392,-2.647201598,2.669246581,-2.691310642,6.06768094,-0.272370335,2.632221482,1.973262939,796.848691,20.59349365,17.44412049,17.44412049,13.11549862,10.04900775,10.04900775,9.295382687,9.295382687,8.216090402,8.216090402,6.964288306,6.964288306,-1.66,1513427.328,19.64756674,6.166652387,2.160504339,165.4584184,19.31711626,0,17.80835647,11.56648989,0,0,9.589074368,0,0,0,20.7712116,42.7474016,23.16870861,20.32356147,28.90619062,11.56648989,0,0,34.50160512,52.93058516,14.21959508,23.16745438,0,0,0,0,0,0,43.28660549,23.79966323,34.50160512,40.53659204,23.16745438,0,0,0,82.06,23.03791371,14.69560176,0,35.42417442,24.35997299,5.57310453,14.21959508,0,19.92349451,13.8474744,14.21058886,16.93638049,0,27.28168383,10.40588906,-0.643875478,-0.283740762,0,1.704575591,7.927688964,3.004731632,0.727272727,28,1,6,3,1,4,0,0,0,0,8,0,6,1,6,1,2,1,1,2,0,1,4.327132655,4,2.6108,100.7768,0,1,1,0,0,0,0,0,0,0,2,2,0,0,0,0,0,0,0,0,0,0,0,0,0,0,4,0,0,0,0,0,0,0,0,0,2,0,0,0,0,3,0,0,0,0,0,0,0,0,0,2,2,0,0,2,0,0,0,0,0,0,0,0,0,0,0,0,0,0,0,0,0,0,0,0,0,0,0,0,0,0,0,0,0
59,60,11-Dihidro-12-norneoquasina,"11,16-dihidroxi-4-metoxi-2,6,14,17-tetrametil-10-oxatetraciclo[7.7.1.02,7.013,17]heptadec-4-eno-3,15-diona",C21H30O6,CC1C=C(C(=O)C2(C1CC3C4(C2C(C(=O)C(C4CC(O3)O)C)O)C)C)OC,12,13.46708207,13.46708207,0.037010582,-1.219676871,0.721258455,54.7037037,378.465,348.225,378.2042387,150,0,0.203065427,-0.49333359,0.49333359,0.203065427,1.148148148,1.814814815,2.444444444,16.61266536,9.38155816,2.71994018,-2.673179129,2.673668509,-2.726450524,6.004545101,-0.302093447,2.61210005,1.925572373,715.4603931,19.88638687,16.63778634,16.63778634,12.57749382,9.938851137,9.938851137,9.449317709,9.449317709,8.465560689,8.465560689,7.164274199,7.164274199,-1.24,911975.5509,19.09278913,5.879171365,2.176833557,159.4637678,19.6867807,6.103966388,17.83243655,5.783244946,0,0,9.589074368,0,0,0,27.6949488,30.25055987,29.08661465,13.21376393,29.27585507,11.56648989,0,0,40.41951117,59.03455155,7.109797541,11.83518498,0,0,0,0,0,0,47.38730173,19.06280028,40.41951117,40.53659204,11.83518498,0,0,0,93.06,29.1418801,19.80212916,0,41.34208047,18.60080812,0,7.109797541,0,33.77096891,0,9.473725908,11.33084619,0,26.42239347,21.42432869,-1.479490268,-1.181902951,0,0.372886249,7.790608702,1.486996581,0.80952381,27,2,6,3,1,4,0,0,0,0,10,0,6,2,6,1,1,2,1,3,0,10,4.157399226,4,1.6874,96.2386,0,2,2,0,0,0,0,0,0,0,2,2,0,0,0,0,0,0,0,0,0,0,0,0,0,0,2,0,0,0,0,0,0,0,0,0,2,0,0,0,0,2,0,0,0,0,0,0,0,0,0,2,2,0,0,1,0,0,0,0,0,0,0,0,0,0,0,0,0,0,0,0,0,0,0,0,0,0,0,0,0,0,0,0,0
60,61,Simalikalactona D,"[(1R,2S,3R,6R,8S,12S,13S,14R,15R,16S,17S)-12,15,16-trihidroxi-9,13,17-trimetil-4,11-dioxo-5,18-dioxapentaciclo[12.5.0.01,6.02,17.08,13]nonadec-9-en-3-il] (2R)-2-metilbutanoato",C25H34O9,CC[C@@H](C)C(=O)O[C@@H]1[C@@H]2[C@]3([C@@H]([C@@H]([C@@H]4[C@@]2(CO3)[C@@H](C[C@@H]5[C@@]4([C@@H](C(=O)C=C5C)O)C)OC1=O)O)O)C,12,13.26217362,13.26217362,0.035976395,-1.431884317,0.49563391,52.17647059,478.538,444.266,478.2202827,188,0,0.347693052,-0.458891751,0.458891751,0.347693052,1.235294118,1.911764706,2.558823529,16.61274395,9.376906129,2.821871698,-2.676599245,2.718684908,-2.783604601,5.957068269,-0.297298979,3.056993878,1.692293417,975.4331341,24.95530097,20.18595356,20.18595356,15.84998474,12.16362839,12.16362839,11.41554773,11.41554773,9.960818378,9.960818378,8.085361735,8.085361735,-1.81,31579086.08,23.90972384,7.350222522,2.614541396,197.9870062,29.53017105,23.91294997,5.783244946,6.103966388,0,11.93861058,9.589074368,4.794537184,0,0,26.34431613,38.6830438,16.74788698,24.54666044,43.9137826,17.72185552,0,0,34.50160512,83.58121199,6.606881965,11.64912464,0,0,0,0,0,0,75.76920242,28.59420041,34.50160512,47.46032924,11.64912464,0,0,0,139.59,82.42643735,29.70319374,0,12.52478801,12.84164325,5.57310453,6.076020107,27.6949488,6.9237372,0,14.21058886,17.81832286,0,38.76040734,34.03301202,-2.841066839,-4.160769631,0,-3.953289676,8.76005059,0,0.8,34,3,9,3,2,5,0,0,0,0,12,2,9,3,9,2,3,2,2,4,1,0,5.168876196,5,0.5289,115.9834,0,3,3,0,0,0,0,0,0,0,3,3,0,0,0,0,0,0,0,0,0,0,0,0,0,0,1,0,0,0,0,0,0,0,0,0,2,0,0,0,2,3,0,0,0,0,0,0,0,0,0,1,0,0,0,0,0,0,0,0,0,0,0,0,0,0,0,0,0,0,0,0,0,0,0,0,0,0,0,0,0,0,0,0,0
61,62,Cardanol,"3-[(8Z,11Z)-pentadeca-8,11,14-trienil]fenol",C21H30O,C=CC/C=C\C/C=C\CCCCCCCc1cccc(O)c1,13,9.401985669,9.401985669,0.378355875,0.378355875,0.351721721,11.45454545,298.47,268.23,298.2296656,120,0,0.115350184,-0.507956386,0.507956386,0.115350184,0.863636364,1.590909091,2.409090909,16.25467232,10.04564033,1.950376508,-2.021734546,2.142638343,-1.855488227,5.265279473,0.474020571,2.518006186,1.910894953,456.7298739,15.8826226,13.71443383,13.71443383,10.8256985,8.514683803,8.514683803,5.679232288,5.679232288,3.655056303,3.655056303,2.414936417,2.414936417,-1.76,86483.44047,18.28940711,12.94151648,10.03753585,135.6309595,5.106527395,5.749511833,0,0,0,0,0,0,0,6.578935684,61.77529954,56.22111537,0,0,5.106527395,0,0,0,0,57.78739461,0,66.78795598,0,5.749511833,0,0,5.749511833,0,5.106527395,6.420821623,0,56.93002448,61.22450449,0,0,0,20.23,0,5.106527395,0,0,5.749511833,19.26246487,44.08838123,6.066367068,18.20875424,36.94938318,0,0,0,0,9.401985669,1.243002146,0.378355875,7.609296568,21.510509,3.690184072,0,0.428571429,22,1,1,0,0,0,0,1,0,1,0,0,1,1,1,0,12,0,0,0,0,0,10.75875744,1,6.3539,97.2238,0,0,0,0,0,0,0,1,0,0,0,0,0,0,0,0,0,0,0,0,0,0,0,0,0,0,5,0,0,0,1,0,0,0,1,0,0,0,0,0,0,0,0,0,0,0,0,0,0,0,0,0,0,0,0,0,0,0,0,0,0,0,0,0,0,1,1,0,0,0,0,0,0,0,0,0,0,0,0,0,0,0,0,5,0
62,63,Cardol,"5-pentadecilbenceno-1,3-diol",C21H36O2,CCCCCCCCCCCCCCCc1cc(O)cc(O)c1,13,9.437738445,9.437738445,0.161753798,0.161753798,0.372924382,11,320.517,284.229,320.2715304,132,0,0.119039045,-0.507812712,0.507812712,0.119039045,0.565217391,0.956521739,1.391304348,16.26629073,10.0264166,1.993590309,-2.044983636,2.216764348,-1.867427296,5.360776432,0.44860233,2.507340317,1.862117609,380.5780849,16.75286609,15.02597294,15.02597294,11.21954535,9.739924575,9.739924575,6.850299459,6.850299459,4.531328255,4.531328255,3.147643168,3.147643168,-1.18,119457.2147,19.86582951,13.27652664,11.06133352,142.4940023,10.21305479,11.49902367,0,0,0,0,0,0,0,0,83.97359667,30.53782887,6.066367068,0,10.21305479,0,0,0,0,96.81523992,0,23.7625527,0,11.49902367,0,0,11.49902367,0,10.21305479,6.420821623,0,95.95786979,18.19910121,0,0,0,40.46,0,10.21305479,0,11.49902367,0,18.40509474,83.11622654,12.13273414,0,6.9237372,0,0,0,0,18.87547689,1.032937964,0.323507597,4.882709781,18.6139486,2.271419173,0,0.714285714,23,2,2,0,0,0,0,1,0,1,0,0,2,2,2,0,14,0,0,0,0,0,11.46735716,1,6.7315,99.1706,0,0,0,0,0,0,0,2,0,0,0,0,0,0,0,0,0,0,0,0,0,0,0,0,0,0,0,0,0,0,1,0,0,0,1,0,0,0,0,0,0,0,0,0,0,0,0,0,0,0,0,0,0,0,0,0,0,0,0,0,0,0,0,0,0,2,2,0,0,0,0,0,0,0,0,0,0,0,0,0,0,0,0,12,0
63,64,Citral,"(2E)-3,7-dimetilocta-2,6-dienal",C10H16O,CC(C)=CCC/C(C)=C/C=O,14,10.02049761,10.02049761,0.845089758,0.845089758,0.343706462,11,152.237,136.109,152.1201151,62,0,0.142280852,-0.298565661,0.298565661,0.142280852,1.272727273,1.909090909,2.363636364,16.12845954,10.11740175,1.860315067,-1.944428867,2.045140528,-1.768836879,5.653303402,-0.103663071,1.868762034,3.62575966,171.3117986,8.690234444,7.55451266,7.55451266,5.16390246,3.908187544,3.908187544,2.96925165,2.96925165,1.443820171,1.443820171,0.788002056,0.788002056,-0.85,203.6950618,10.15,5.89935087,7.042355753,68.80604609,0,6.286160523,0,0,0,0,4.794537184,0,0,0,17.22222917,39.68887495,0,0,4.794537184,6.286160523,0,0,0,33.61285484,0,23.29824927,0,0,0,0,0,0,6.286160523,4.794537184,0,33.61285484,23.29824927,0,0,0,17.07,0,4.794537184,0,0,0,24.7009083,5.57310453,6.076020107,6.9237372,19.92349451,0,0,0,10.02049761,0,2.487410242,0,0,6.681798942,6.143626543,0,0.5,11,0,1,0,0,0,0,0,0,0,0,0,1,0,1,0,4,0,0,0,0,0,5.443491939,0,2.878,48.486,0,0,0,0,0,0,0,0,0,0,1,1,0,0,0,0,0,0,0,0,0,0,0,1,0,0,4,0,0,0,0,0,0,0,0,0,0,0,0,0,0,0,0,0,0,0,0,0,0,0,0,0,0,0,0,0,0,0,0,0,0,0,0,0,0,0,0,0,0,0,0,0,0,0,0,0,0,0,0,0,0,0,0,0,0
64,65,Geraniol,"(2E)-3,7-dimetilocta-2,6-dien-1-ol",C10H18O,CC(C)=CCC\C(C)=C\CO,14,8.553384196,8.553384196,0.167316232,0.167316232,0.617131293,11.45454545,154.253,136.109,154.1357652,64,0,0.061443511,-0.39229737,0.39229737,0.061443511,1.181818182,1.818181818,2.272727273,16.24949304,10.11564719,1.861661702,-1.960350349,2.04969745,-1.799849425,5.01336164,0.341224739,1.868762034,3.544387431,150.2557124,8.690234444,7.723234477,7.723234477,5.16390246,4.063628007,4.063628007,3.053200551,3.053200551,1.531009798,1.531009798,0.846413707,0.846413707,-0.56,203.6950618,10.44,6.169584122,7.335554907,69.43875775,5.106527395,0,0,0,0,0,0,0,0,0,23.29824927,33.61285484,0,6.606881965,5.106527395,0,0,0,0,33.61285484,6.606881965,23.29824927,0,0,0,0,0,0,11.71340936,0,0,33.61285484,23.29824927,0,0,0,20.23,0,0,0,6.606881965,0,12.84164325,11.14620906,0,6.076020107,26.84723171,5.106527395,0,0,0,8.553384196,2.631294879,0,0,6.226145125,6.422509133,0,0.6,11,1,1,0,0,0,0,0,0,0,0,0,1,1,1,0,4,0,0,0,0,0,5.855496203,0,2.6714,49.5078,0,1,1,0,0,0,0,0,0,0,0,0,0,0,0,0,0,0,0,0,0,0,0,0,0,0,3,0,0,0,0,0,0,0,0,0,0,0,0,0,0,0,0,0,0,0,0,0,0,0,0,0,0,0,0,0,0,0,0,0,0,0,0,0,0,0,0,0,0,0,0,0,0,0,0,0,0,0,0,0,0,0,0,0,0
65,66,Linalol,"3,7-dimetilocta-1,6-dien-3-ol",C10H18O,C=CC(C)(O)CCC=C(C)C,14;41,9.488774565,9.488774565,0.702430556,-0.702430556,0.617129007,15.27272727,154.253,136.109,154.1357652,64,0,0.079954328,-0.386091503,0.386091503,0.079954328,1.545454545,2.090909091,2.454545455,16.28147409,9.998868584,2.122344546,-2.161091713,2.130619004,-2.187488281,4.973788313,0.103304023,1.866518475,3.705911539,150.2557124,8.905777394,7.723234477,7.723234477,4.977162391,3.971007038,3.971007038,3.38144649,3.38144649,1.642813197,1.642813197,0.755126614,0.755126614,-0.56,169.8531812,10.44,4.345263593,5.863728814,69.43875775,5.106527395,0,0,0,0,0,0,0,0,6.578935684,17.72514474,33.61285484,0,5.601050811,5.106527395,0,0,0,0,39.21390566,0,24.30408043,0,0,0,0,0,0,10.70757821,0,0,33.61285484,24.30408043,0,0,0,20.23,5.601050811,5.106527395,0,0,0,12.84164325,5.57310453,12.99975731,0,26.50243019,0,0,0,0,9.488774565,0.59373819,0,0,5.381782407,9.452371504,0,0.6,11,1,1,0,0,0,0,0,0,0,1,0,1,1,1,0,4,0,0,0,0,1,4.124050174,0,2.6698,49.4858,0,1,0,0,0,0,0,0,0,0,0,0,0,0,0,0,0,0,0,0,0,0,0,0,0,0,2,0,0,0,0,0,0,0,0,0,0,0,0,0,0,0,0,0,0,0,0,0,0,0,0,0,0,0,0,0,0,0,0,0,0,0,0,0,0,0,0,0,0,0,0,0,0,0,0,0,0,0,0,0,0,0,0,0,0
66,67,Carvona o carvone,2-metil-5-prop-1-en-2-ilciclohex-2-en-1-ona,C10H14O,C=C(C)C1CC=C(C)C(=O)C1,14,11.19953704,11.19953704,0.281712963,0.281712963,0.524713238,24.72727273,150.221,136.109,150.1044651,60,0,0.158369235,-0.294556859,0.294556859,0.158369235,1.727272727,2.363636364,2.818181818,16.13825266,9.852096902,2.184863691,-2.184900079,2.247315039,-2.140691276,5.953623346,-0.116088645,1.941518365,2.6982942,223.0272763,8.43072142,7.184269172,7.184269172,5.109060905,3.963326067,3.963326067,3.293415683,3.293415683,2.277100021,2.277100021,1.276399387,1.276399387,-0.85,271.8125711,8.248522167,3.035452434,1.793445255,67.80021494,0,0,5.783244946,0,0,0,4.794537184,0,0,0,18.22806032,31.7593066,6.420821623,0,4.794537184,5.783244946,0,0,5.917906046,26.68911765,0,23.80116485,0,0,0,0,0,0,5.783244946,4.794537184,5.917906046,26.68911765,23.80116485,0,0,0,17.07,0,4.794537184,0,5.783244946,12.33872767,17.56703068,0,0,19.92349451,6.578935684,0,0,0,11.19953704,0,2.045925926,0.676342593,0,3.676342593,7.735185185,0,0.5,11,0,1,1,0,1,0,0,0,0,1,0,1,0,1,0,1,0,0,0,0,1,2.276181517,1,2.4879,46.302,0,0,0,0,0,0,0,0,0,0,1,1,0,0,0,0,0,0,0,0,0,0,0,0,0,0,3,0,0,0,0,0,0,0,0,0,0,0,0,0,0,0,0,0,0,0,0,0,0,0,0,1,1,0,0,0,0,0,0,0,0,0,0,0,0,0,0,0,0,0,0,0,0,0,0,0,0,0,0,0,0,0,0,0,0
67,68,Piperitona,3-metil-6-propan-2-ilciclohex-2-en-1-ona,C10H16O,CC1=CC(=O)C(C(C)C)CC1,14,11.36976852,11.36976852,0.290462963,0.290462963,0.564058513,25.63636364,152.237,136.109,152.1201151,62,0,0.158468672,-0.294538906,0.294538906,0.158468672,1.545454545,2.181818182,2.636363636,16.13837714,9.817344086,2.22690949,-2.215509905,2.254658983,-2.213173595,5.928154744,-0.119635461,1.853730746,2.683723223,189.0494581,8.43072142,7.55451266,7.55451266,5.109060905,4.319985102,4.319985102,3.782244308,3.782244308,2.408526651,2.408526651,1.609356104,1.609356104,-0.59,252.1073814,8.506061479,3.205189072,1.91870796,68.48981797,0,0,5.783244946,0,0,0,4.794537184,0,0,0,19.42057893,31.7593066,5.917906046,0,4.794537184,5.783244946,0,0,11.83581209,33.61285484,0,11.64912464,0,0,0,0,0,0,5.783244946,4.794537184,11.83581209,33.61285484,11.64912464,0,0,0,17.07,0,4.794537184,0,0,17.61905704,12.84164325,5.57310453,0,12.99975731,13.8474744,0,0,0,11.36976852,0,1.2425,1.133611111,0,3.973796296,6.280324074,0,0.7,11,0,1,1,0,1,0,0,0,0,1,0,1,0,1,0,1,0,0,0,0,1,2.478503209,1,2.5678,46.326,0,0,0,0,0,0,0,0,0,0,1,1,0,0,0,0,0,0,0,0,0,0,0,0,0,0,2,0,0,0,0,0,0,0,0,0,0,0,0,0,0,0,0,0,0,0,0,0,0,0,0,1,0,0,0,0,0,0,0,0,0,0,0,0,0,0,0,0,0,0,0,0,0,0,0,0,0,0,0,0,0,0,0,0,0
68,69,Tagetenona,"(5Z)-2,6-dimetilocta-2,5,7-trien-4-ona",C10H14O,CC(=CC(=O)/C=C(/C)\C=C)C,14,11.02222222,11.02222222,0.03,0.03,0.446232949,10.63636364,150.221,136.109,150.1044651,60,0,0.178333373,-0.289956519,0.289956519,0.178333373,1.181818182,1.727272727,2.090909091,16.137217,10.168212,1.90076801,-1.884992423,1.958540732,-1.873160314,5.99757769,-0.110021798,1.850767203,4.300056579,215.0272763,8.853371151,7.347405879,7.347405879,5.05774931,3.555748109,3.555748109,2.716535412,2.716535412,1.122839108,1.122839108,0.60950214,0.60950214,-1.11,179.5244187,9.89,4.666593888,5.339943757,68.11644306,0,0,5.783244946,0,0,0,4.794537184,0,0,0,18.22806032,38.49635634,0,0,4.794537184,5.783244946,0,0,0,20.7712116,0,35.95320506,0,0,0,0,0,0,5.783244946,4.794537184,0,20.7712116,35.95320506,0,0,0,17.07,0,4.794537184,0,5.783244946,0,11.14620906,0,18.22806032,20.7712116,6.578935684,0,0,0,11.02222222,0,1.91260393,0.03,0,4.837037037,9.19813681,0,0.3,11,0,1,0,0,0,0,0,0,0,0,0,1,0,1,0,3,0,0,0,0,0,4.195692141,0,2.654,48.392,0,0,0,0,0,0,0,0,0,0,1,1,0,0,0,0,0,0,0,0,0,0,0,0,0,0,5,0,0,0,0,0,0,0,0,0,0,0,0,0,0,0,0,0,0,0,0,0,0,0,0,1,0,0,0,0,0,0,0,0,0,0,0,0,0,0,0,0,0,0,0,0,0,0,0,0,0,0,0,0,0,0,0,0,0
69,70,Dihidrocarvona,"trans-(2R,5R)-2-metil-5-prop-1-en-2-ilciclohexan-1-ona",C10H16O,C=C(C)[C@@H]1CC[C@@H](C)C(=O)C1,14,11.26782407,11.26782407,0.296851852,0.296851852,0.52765438,32,152.237,136.109,152.1201151,62,0,0.135796511,-0.299390759,0.299390759,0.135796511,1.545454545,2.181818182,2.636363636,16.13865494,9.790818029,2.246417059,-2.245443597,2.2899782,-2.22460506,5.814289453,-0.124467077,1.941518365,2.5274249,181.3117986,8.43072142,7.391375954,7.391375954,5.109060905,4.290676336,4.290676336,3.692110923,3.692110923,2.642294786,2.642294786,1.578900264,1.578900264,-0.59,271.8125711,8.506061479,3.205189072,1.91870796,68.48981797,0,5.783244946,0,0,0,0,4.794537184,0,0,0,19.07577741,25.68328649,12.33872767,0,4.794537184,5.783244946,0,0,11.83581209,33.10993927,0,12.15204021,0,0,0,0,0,0,5.783244946,4.794537184,11.83581209,33.10993927,12.15204021,0,0,0,17.07,0,4.794537184,0,0,17.61905704,19.26246487,5.57310453,0,13.8474744,6.578935684,0,0,0,11.26782407,0,1.171527778,1.188472222,0,2.939583333,7.932592593,0,0.7,11,0,1,1,0,1,0,0,0,0,2,0,1,0,1,0,1,1,0,1,0,0,2.478503209,1,2.5678,46.326,0,0,0,0,0,0,0,0,0,0,1,1,0,0,0,0,0,0,0,0,0,0,0,0,0,0,1,0,0,0,0,0,0,0,0,0,0,0,0,0,0,0,0,0,0,0,0,0,0,0,0,1,1,0,0,0,0,0,0,0,0,0,0,0,0,0,0,0,0,0,0,0,0,0,0,0,0,0,0,0,0,0,0,0,0
70,71,Naringina,"(2S)-7-[(2S,3R,4S,5S,6R)-4,5-dihidroxi-6-(hidroximetil)-3-[(2S,3R,4R,5R,6S)-3,4,5-trihidroxi-6-metiloxan-2-il]oxioxan-2-il]oxi-5-hidroxi-2-(4-hidroxifenil)-2,3-dihidrocromen-4-ona",C27H32O14,[H][C@@]1(O[C@@H]2[C@@H](O)[C@H](O)[C@@H](CO)O[C@H]2OC2=CC3=C(C(=O)C[C@H](O3)C3=CC=C(O)C=C3)C(O)=C2)O[C@@H](C)[C@H](O)[C@@H](O)[C@H]1O,14,12.86023834,12.86023834,0.01493984,-1.746363085,0.201696219,37.24390244,580.539,548.283,580.1792057,224,0,0.22913853,-0.507966607,0.507966607,0.22913853,0.87804878,1.585365854,2.268292683,16.75336458,9.950947624,2.506260506,-2.452107261,2.426418995,-2.642033931,6.023150953,-0.354200753,2.936350598,1.410692039,1237.263976,29.584693,21.75636665,21.75636665,19.4764733,12.98123611,12.98123611,10.24746387,10.24746387,7.415022969,7.415022969,5.068463641,5.068463641,-3.05,1086217984,29.44263909,11.67699608,5.704490984,233.0282538,64.53653393,71.28926354,18.17723806,6.290026729,0,0,4.794537184,0,0,0,12.13273414,24.61992283,12.13273414,19.13166998,69.33107111,5.783244946,0,0,0,80.86030977,6.606881965,47.52510539,0,22.99804733,9.473725908,0,22.99804733,0,114.6541306,14.21058886,0,35.36996538,36.39820241,0,0,0,225.06,85.65538969,45.64675634,0,29.23280861,5.563451492,6.066367068,25.12283841,12.13273414,0,0,23.68431477,28.55951357,0,12.86023834,81.64505804,0.52856842,-0.946643604,8.495458879,-16.0249505,0.716090173,0,0.518518519,41,8,14,0,3,3,0,2,0,2,11,0,14,8,14,3,6,0,2,2,0,0,8.385404423,5,-1.1652,134.1469,0,6,6,0,0,0,0,2,0,0,1,1,0,0,0,0,0,0,0,0,0,0,0,0,0,0,0,0,0,0,0,0,0,0,2,0,1,0,0,0,0,5,0,0,0,0,0,0,0,0,0,1,1,0,0,0,0,0,0,0,0,0,0,0,0,2,2,0,0,0,0,0,0,0,0,0,0,0,0,0,0,0,0,0,0
71,72,Ácido cafeico,"ácido (E)-3-(3,4-dihidroxifenil)prop-2-enoico",C9H8O4,O=C(O)/C=C/c1ccc(O)c(O)c1,14;18;19;34,10.12579948,10.12579948,0.229189815,-1.062440004,0.471621333,10.46153846,180.159,172.095,180.0422587,68,0,0.327821203,-0.504259632,0.504259632,0.327821203,1.230769231,1.923076923,2.461538462,16.3647006,10.16371749,1.973701412,-1.969489722,2.246600232,-1.84909656,5.849152043,-0.130859712,2.069443369,2.915115081,354.6323762,9.844934983,6.636640423,6.636640423,6.092224153,3.523662013,3.523662013,2.419722724,2.419722724,1.417830711,1.417830711,0.811644429,0.811644429,-1.97,734.6523961,9.120661831,3.620415974,2.51689431,74.38084979,15.31958218,0,11.49902367,0,0,5.969305288,0,4.794537184,0,0,6.066367068,23.77220574,6.076020107,0,20.11411937,12.04532539,0,0,0,0,0,29.8385728,0,11.49902367,0,0,11.49902367,0,21.28888747,4.794537184,0,5.563451492,24.27512131,0,6.076020107,0,77.76,5.969305288,4.794537184,0,11.49902367,5.563451492,6.076020107,24.27512131,0,0,0,15.31958218,0,0,10.12579948,26.26471167,0.511759259,-1.562427249,4.055678382,2.271145125,0,0,0,13,3,4,0,0,0,0,1,0,1,0,0,3,3,4,0,2,0,0,0,0,0,2.540045369,1,1.1956,46.4414,1,0,0,0,0,0,0,2,1,1,1,0,0,0,0,0,0,0,0,0,0,0,0,0,0,0,0,0,0,0,0,0,0,0,1,0,0,0,0,0,0,0,0,0,0,0,0,0,0,0,0,0,0,0,0,0,0,0,0,0,0,0,0,0,0,2,2,0,0,0,0,0,0,0,0,0,0,0,0,0,0,0,0,0,0
72,73,Ácido ferúlico,ácido (E)-3-(4-hidroxi-3-metoxifenil)prop-2-enoico,C10H10O4,[H]C(=CC1=CC=C(O)C(OC)=C1)C(O)=O,14;18;19;40,10.22659037,10.22659037,0.02775463,-1.016627929,0.715320211,10.35714286,194.186,184.106,194.0579088,74,0,0.327821203,-0.504254344,0.504254344,0.327821203,1.5,2.214285714,2.785714286,16.47407604,10.16182855,1.998304046,-2.02595235,2.26051117,-1.868075145,5.849316838,-0.13085928,2.1623014,2.948507337,368.3847897,10.55204176,7.597675118,7.597675118,6.630228955,3.912427651,3.912427651,2.602857228,2.602857228,1.622139145,1.622139145,0.96539778,0.96539778,-1.97,1295.218539,10.11312552,4.318275376,2.515851368,81.06510338,14.94991774,0,11.49902367,0,0,5.969305288,0,4.794537184,0,0,6.066367068,23.77220574,6.076020107,7.109797541,19.74445493,12.04532539,0,0,0,0,7.109797541,29.8385728,0,11.49902367,4.736862954,0,11.49902367,0,23.29215762,4.794537184,0,5.563451492,24.27512131,0,6.076020107,0,66.76,5.969305288,9.901064579,0,5.749511833,11.31296332,6.076020107,19.25218472,12.13273414,0,0,9.843390349,4.86111867,0,10.22659037,17.63539281,0.654675926,-0.671707766,4.58970616,2.440589569,0,1.430300926,0.1,14,2,4,0,0,0,0,1,0,1,0,0,3,2,4,0,3,0,0,0,0,0,3.119375779,1,1.4986,51.3286,1,0,0,0,0,0,0,1,1,1,1,0,0,0,0,0,0,0,0,0,0,0,0,0,0,0,0,0,0,0,0,0,0,0,1,0,0,0,0,0,0,1,0,0,0,0,0,0,0,0,0,0,0,0,0,1,0,0,0,0,0,0,0,0,0,1,1,0,0,0,0,0,0,0,0,0,0,0,0,0,0,0,0,0,0
73,74,Metil eugenol,"1,2-dimetoxi-4-prop-2-enilbenceno",C11H14O2,C=CCc1ccc(OC)c(OC)c1,14,5.163907785,5.163907785,0.759548375,0.759548375,0.659125261,9.384615385,178.231,164.119,178.0993797,70,0,0.160498033,-0.492869975,0.492869975,0.160498033,1.230769231,1.923076923,2.461538462,16.50773809,10.12767057,2.020958905,-2.076546259,2.270557898,-1.912772473,5.42745538,0.354367027,2.179628734,2.975326756,292.141795,9.681798276,8.04011122,8.04011122,6.31239171,4.132828715,4.132828715,2.682134968,2.682134968,1.827991342,1.827991342,1.174270714,1.174270714,-1.44,974.2940442,9.64650519,4.552573361,2.246236623,78.79360112,9.473725908,0,11.49902367,0,0,0,0,0,0,6.578935684,12.14238718,24.11700725,0,14.21959508,9.473725908,0,0,0,0,6.420821623,14.21959508,36.41750849,0,11.49902367,9.473725908,0,11.49902367,0,14.21959508,6.420821623,0,5.563451492,30.854057,0,0,0,18.46,0,0,0,0,0,17.91984529,5.563451492,14.21959508,24.27512131,6.578935684,9.473725908,10.28242512,0,0,0,1.17375,1.525150227,5.862314815,2.709924414,3.681979797,3.264455625,0.272727273,13,0,2,0,0,0,0,1,0,1,0,0,2,0,2,0,4,0,0,0,0,0,3.37818635,1,2.4323,53.447,0,0,0,0,0,0,0,0,0,0,0,0,0,0,0,0,0,0,0,0,0,0,0,0,0,0,1,0,0,0,0,0,0,0,1,0,0,0,0,0,0,2,0,0,0,0,0,0,0,0,0,0,0,0,0,2,0,0,0,0,0,0,0,0,0,0,0,0,0,0,0,0,0,0,0,0,0,0,0,0,0,0,0,0,0
74,75,"1,8-Cineol","1,3,3-trimetil-2-oxabiciclo[2.2.2]octano",C10H18O,C[C@@]12CC[C@@H](CC1)C(C)(C)O2,14;24,6.060185185,6.060185185,0.157986111,0.157986111,0.521025526,47.72727273,154.253,136.109,154.1357652,64,0,0.066176403,-0.369130016,0.369130016,0.066176403,1.090909091,1.636363636,1.909090909,16.52669086,9.688270843,2.474823486,-2.535061959,2.486582361,-2.53348129,4.972061515,-0.229208421,1.83745385,2.223991853,160.9567031,8.112884175,7.814025684,7.814025684,5.019385278,4.720526787,4.720526787,4.929691518,4.929691518,3.535888693,3.535888693,2.744104673,2.744104673,-0.04,293.9926161,7.600932428,2.00703194,1.099288909,69.12561298,4.736862954,0,0,0,0,0,0,0,0,0,0,52.37240414,0,11.20210162,4.736862954,0,0,0,5.917906046,57.65659971,0,0,0,0,0,0,0,0,11.20210162,4.736862954,5.917906046,46.45449809,0,0,0,0,9.23,0,0,0,11.20210162,0,5.917906046,25.68328649,0,0,20.7712116,4.736862954,6.060185185,0,0,0,0.378472222,0.823449074,0,5.314675926,6.756550926,0,1,11,0,1,1,2,3,0,0,0,0,0,2,1,0,1,2,0,1,2,3,0,0,1.386846741,3,2.7441,45.527,0,0,0,0,0,0,0,0,0,0,0,0,0,0,0,0,0,0,0,0,0,0,0,0,0,0,0,0,0,0,0,0,0,0,0,0,3,0,0,0,0,1,0,0,0,0,0,0,0,0,0,0,0,0,0,0,0,0,0,0,0,0,0,0,0,0,0,0,0,0,0,0,0,0,0,0,0,0,0,0,0,0,0,0,0
75,76,Paclitaxel,"[(1S,2S,3R,4S,7R,9S,10S,12R,15S)-4,12-diacetiloxi-15-[(2R,3S)-3-benzamido-2-hidroxi-3-fenilpropanoil]oxi-1,9-dihidroxi-10,14,17,17-tetrametil-11-oxo-6-oxatetraciclo[11.3.1.03,10.04,7]heptadec-13-en-2-il] benzoato",C47H51NO14,CC1=C2[C@H](C(=O)[C@@]3([C@H](C[C@@H]4[C@]([C@H]3[C@@H]([C@@](C2(C)C)(C[C@@H]1OC(=O)[C@@H]([C@H](C5=CC=CC=C5)NC(=O)C6=CC=CC=C6)O)O)OC(=O)C7=CC=CC=C7)(CO4)OC(=O)C)O)C)OC(=O)C,15,15.48379502,15.48379502,0.002885344,-2.390958147,0.129786194,31.85483871,853.918,802.51,853.3309553,328,0,0.338014233,-0.455736924,0.455736924,0.338014233,0.822580645,1.403225806,1.951612903,16.63726267,9.443592633,2.780723983,-2.670309925,2.641516956,-2.815220388,5.960987194,-0.345553166,3.236933709,1.387447664,2280.34627,44.94021786,35.23274852,35.23274852,29.27228993,20.47284996,20.47284996,17.3540403,17.3540403,13.47985515,13.47985515,10.18254051,10.18254051,-5.74,1.95363E+13,44.32035765,16.51284551,7.294407711,357.8854074,44.32068556,23.91294997,23.59222853,0,5.907179729,23.87722115,19.17814874,9.589074368,0,0,80.57751215,54.82260323,37.66755961,35.64903719,67.77112006,35.56764583,0,5.316788604,16.74788698,108.2518072,6.606881965,118.8320696,0,0,5.316788604,0,0,0,105.3200099,42.86246351,16.74788698,86.70533612,102.1417151,0,0,0,221.29,112.6040952,39.2922681,4.794537184,35.30081563,5.563451492,13.8474744,25.98020854,92.71024629,0,5.316788604,23.68431477,30.27238288,0,83.45331185,40.23395243,-7.019085033,-6.841158828,22.93771164,-10.51155687,7.974441939,0,0.446808511,62,4,15,3,1,4,1,3,0,3,11,2,14,4,15,1,10,2,1,3,0,0,11.80411643,7,3.7357,217.6901,0,3,2,0,0,0,0,0,0,0,6,6,0,0,0,0,1,0,0,0,0,0,0,0,0,0,0,1,0,0,0,0,0,0,3,0,5,0,0,0,4,5,0,0,0,0,0,0,0,0,0,1,1,0,0,0,0,0,0,0,0,0,0,0,0,0,0,0,0,0,0,0,0,0,0,0,0,0,0,0,0,0,0,0,0
76,77,Curcumina,"(1E,6E)-1,7-bis(4-hidroxi-3-metoxifenil)hepta-1,6-dieno-3,5-diona",C21H20O6,COC1=CC(\C=C\C(=O)CC(=O)\C=C\C2=CC(OC)=C(O)C=C2)=CC=C1O,16,11.92939826,11.92939826,0.006622874,-0.347242116,0.548122832,11.03703704,368.385,348.225,368.1259884,140,0,0.162918644,-0.504254344,0.504254344,0.162918644,0.814814815,1.222222222,1.592592593,16.47705017,10.09640074,2.056185602,-2.032904905,2.272025951,-2.014477536,6.104423631,-0.121393317,2.662441419,1.958861483,822.0399999,19.81119031,15.00802983,15.00802983,12.92225395,8.084748487,8.084748487,5.638641501,5.638641501,3.679371065,3.679371065,2.263683902,2.263683902,-3.54,881033.8147,19.78037889,9.238837191,5.743402512,156.5323725,19.6867807,0,34.56453723,0,0,0,9.589074368,0,0,0,24.28477435,47.54441147,0,20.64041671,29.27585507,23.71853011,0,0,0,6.420821623,14.21959508,59.67714561,0,22.99804733,9.473725908,0,22.99804733,0,35.99913976,9.589074368,0,17.54772461,48.55024262,0,12.15204021,0,93.06,0,19.80212916,0,29.48633518,22.62592665,0,38.50436943,36.41750849,0,0,9.473725908,9.996386541,0,23.85879652,19.08487399,1.328109906,-0.083211308,9.340097176,5.442434021,0,2.865846493,0.142857143,27,2,6,0,0,0,0,2,0,2,0,0,6,2,6,0,8,0,0,0,0,0,6.768433339,2,3.3699,102.0166,0,0,0,0,0,0,0,2,0,0,2,2,0,0,0,0,0,0,0,0,0,0,0,0,0,0,2,0,0,0,0,0,0,0,2,0,0,0,0,0,0,2,0,0,0,0,0,0,0,0,0,2,0,0,0,2,0,0,0,0,0,0,0,0,0,2,2,0,0,0,0,0,0,0,0,0,0,0,0,0,0,0,0,0,0
77,78,Demetoxicurcumina,"1,7-bis(4-hidroxi-3-metoxifenil)hepta-1,6-dien-3,5-diona",C20H20O5,COc1cc(/C=C/C(=O)CC(=O)/C=C/c2ccc(O)cc2)ccc1O,16,11.84896072,11.84896072,0.014372425,-0.326483371,0.597270305,11.08,338.359,320.215,338.1154237,128,0,0.162918644,-0.507966251,0.507966251,0.162918644,0.92,1.48,2.08,16.47405859,10.09931761,2.045892825,-2.029257218,2.262245005,-2.013945809,6.104222131,-0.121392176,2.602379425,1.923936803,816.4801993,18.23384004,13.6771318,13.6771318,11.97356555,7.555709385,7.555709385,5.298887498,5.298887498,3.368680458,3.368680458,2.051232613,2.051232613,-3.34,350800.7465,18.00525496,8.494797746,5.657061737,145.0538851,14.94991774,5.749511833,23.06551356,0,0,0,9.589074368,0,0,0,30.35114142,47.54441147,0,13.53061916,24.53899211,23.71853011,0,0,0,6.420821623,7.109797541,65.74351268,0,17.2485355,4.736862954,0,17.2485355,0,28.88934222,9.589074368,0,17.54772461,54.61660969,0,12.15204021,0,83.83,0,19.80212916,0,29.48633518,11.31296332,5.563451492,37.46093896,36.41750849,0,0,4.736862954,4.990633215,0,23.65514036,18.70649901,1.430938582,-0.17028602,11.0559381,5.560502274,0,1.43730114,0.1,25,2,5,0,0,0,0,2,0,2,0,0,5,2,5,0,7,0,0,0,0,0,6.118039971,2,3.3613,95.4646,0,0,0,0,0,0,0,2,0,0,2,2,0,0,0,0,0,0,0,0,0,0,0,0,0,0,2,0,0,0,0,0,0,0,2,0,0,0,0,0,0,1,0,0,0,0,0,0,0,0,0,2,0,0,0,1,0,0,0,0,0,0,0,0,0,2,2,0,0,0,0,0,0,0,0,0,0,0,0,0,0,0,0,0,0
78,79,Bisdemetoxicurcumina,"1,7-bis(4-hidroxifenil)hepta-1,6-dien-3,5-diona",C19H18O4,O=C(/C=C/c1ccc(O)cc1)CC(=O)/C=C/c1ccc(O)cc1,16,11.7257421,11.7257421,0.155576129,-0.293119331,0.63367979,11.13043478,308.333,292.205,308.104859,116,0,0.162918627,-0.507966251,0.507966251,0.162918627,0.695652174,1.043478261,1.391304348,16.25655153,10.10276144,2.03129186,-1.951375577,2.117959296,-2.013404537,6.104021353,-0.121391034,2.536647391,1.876553987,672.4440099,16.65648977,12.34623378,12.34623378,11.02487714,7.026670282,7.026670282,4.959133494,4.959133494,3.057989851,3.057989851,1.838781325,1.838781325,-3.14,139292.3815,16.23431666,7.750725806,5.629437289,133.5753978,10.21305479,11.49902367,11.56648989,0,0,0,9.589074368,0,0,0,36.41750849,47.54441147,0,6.420821623,19.80212916,23.71853011,0,0,0,6.420821623,0,71.80987974,0,11.49902367,0,0,11.49902367,0,21.77954468,9.589074368,0,17.54772461,60.68297676,0,12.15204021,0,74.6,0,9.589074368,0,29.48633518,0,11.12690298,36.41750849,36.41750849,0,0,10.21305479,0,0,23.4514842,18.32812404,1.533767259,-0.275086405,12.78314037,5.678570527,0,0,0.052631579,23,2,4,0,0,0,0,2,0,2,0,0,4,2,4,0,6,0,0,0,0,0,5.470771176,2,3.3527,88.9126,0,0,0,0,0,0,0,2,0,0,2,2,0,0,0,0,0,0,0,0,0,0,0,0,0,0,2,0,0,0,0,0,0,0,2,0,0,0,0,0,0,0,0,0,0,0,0,0,0,0,0,2,0,0,0,0,0,0,0,0,0,0,0,0,0,2,2,0,0,0,0,0,0,0,0,0,0,0,0,0,0,0,0,0,0
79,80,Ácido clorogénico,"Ácido (1S,3R,4R,5R)-3-{[(2E)-3-(3,4-dihidroxifenil)prop-2-enoil]oxi}-1,4,5-trihidroxiciclohexano-1-carboxílico",C16H18O9,O[C@@H]1C[C@](O)(C[C@@H](OC(=O)\C=C\c2ccc(O)c(O)c2)[C@@H]1O)C(O)=O,18;40;41,11.82684776,11.82684776,0.326853402,-2.309469967,0.23408528,29.48,354.311,336.167,354.0950822,136,0,0.335432216,-0.504259632,0.504259632,0.335432216,1.16,1.84,2.44,16.55540397,9.793930493,2.498890219,-2.385299487,2.312124374,-2.56614002,5.871111613,-0.195689352,2.529609495,2.058883686,698.8458476,18.7756564,12.94104216,12.94104216,11.6197167,7.34788717,7.34788717,5.859749012,5.859749012,3.937798744,3.937798744,2.53428118,2.53428118,-2.62,226564.4744,18.71485516,7.094150589,4.267132721,141.587382,35.37602732,12.20793278,17.10007448,0,0,11.93861058,0,9.589074368,0,0,6.066367068,23.77220574,18.91766335,6.103966388,44.96510169,18.01463068,0,0,0,36.75459322,0,29.8385728,0,11.49902367,0,0,11.49902367,0,66.49072492,14.32593732,0,18.40509474,24.27512131,0,6.076020107,0,164.75,48.6932038,35.12171134,0,11.49902367,5.563451492,6.076020107,24.27512131,0,0,0,9.843390349,4.924362087,0,22.91534153,57.02992437,-1.935841889,-3.242660984,3.8306352,-3.438426984,0,0,0.375,25,6,9,1,0,1,0,1,0,1,4,0,8,6,9,0,4,1,0,1,0,0,5.310640029,2,-0.6459,82.5188,1,3,2,0,0,0,0,2,1,1,2,1,0,0,0,0,0,0,0,0,0,0,0,0,0,0,0,0,0,0,0,0,0,0,1,0,0,0,0,0,1,1,0,0,0,0,0,0,0,0,0,0,0,0,0,0,0,0,0,0,0,0,0,0,0,2,2,0,0,0,0,0,0,0,0,0,0,0,0,0,0,0,0,0,0
80,81,Ácido Sinápinico,"Ácido (E)-3-(4-hidroxi-3,5-dimetoxifenil)prop-2-enoico",C11H12O5,COC1=CC(=CC(=C1O)OC)/C=C\C(=O)O,18,10.34980899,10.34980899,0.113449074,-1.049991969,0.757887717,10.375,224.212,212.116,224.0684735,86,0,0.327821221,-0.50169921,0.50169921,0.327821221,1.25,1.75,2.125,16.49147534,10.14396551,2.092745146,-2.086528262,2.3681183,-1.907149487,5.851966783,-0.130860136,2.270717896,3.163201815,397.3782531,12.12939203,8.928573139,8.928573139,7.57891736,4.441466753,4.441466753,2.945602764,2.945602764,1.920495018,1.920495018,1.177499044,1.177499044,-2.17,3337.955307,11.90230658,5.064021089,2.662133526,92.54359072,19.6867807,0,11.49902367,5.749511833,0,5.969305288,0,4.794537184,0,0,0,23.77220574,6.076020107,14.21959508,24.48131788,12.04532539,0,0,0,0,14.21959508,23.77220574,0,17.2485355,9.473725908,0,17.2485355,0,30.40195516,4.794537184,0,5.563451492,18.20875424,0,6.076020107,0,75.99,5.969305288,9.901064579,0,17.2485355,5.563451492,6.076020107,32.42834933,0,0,0,14.5802533,9.847237339,0,10.34980899,18.08392778,0.563796296,-0.710869237,3.022407407,2.373089569,0,2.803935185,0.181818182,16,2,5,0,0,0,0,1,0,1,0,0,4,2,5,0,4,0,0,0,0,0,3.76709572,1,1.5072,57.8806,1,0,0,0,0,0,0,1,1,1,1,0,0,0,0,0,0,0,0,0,0,0,0,0,0,0,0,0,0,0,0,0,0,0,1,0,0,0,0,0,0,2,0,0,0,0,0,0,0,0,0,0,0,0,0,2,0,0,0,0,0,0,0,0,0,1,1,0,0,0,0,0,0,0,0,0,0,0,0,0,0,0,0,0,0
81,82,Ácido p-cumárico,Ácido (E)-3-(4-hidroxifenil)prop-2-enoico,C9H8O3,OC(=O)\C=C\C1=CC=C(O)C=C1,18;19;20;40,10.10337176,10.10337176,0.168958333,-0.983263889,0.650833873,10.33333333,164.16,156.096,164.0473441,62,0,0.327821185,-0.507966251,0.507966251,0.327821185,1.25,1.833333333,2.333333333,16.36457647,10.1798527,1.889192382,-1.916154472,2.098143085,-1.84673295,5.847441648,-0.130858454,2.033230406,2.772025613,298.0546159,8.974691495,6.266777097,6.266777097,5.68154055,3.383388548,3.383388548,2.263103224,2.263103224,1.311448538,1.311448538,0.752946491,0.752946491,-1.77,496.108219,8.327751711,3.571755179,2.457857734,69.58661603,10.21305479,5.749511833,0,0,0,5.969305288,0,4.794537184,0,0,12.13273414,23.77220574,6.076020107,0,15.00759197,12.04532539,0,0,0,0,0,35.90493987,0,5.749511833,0,0,5.749511833,0,16.18236008,4.794537184,0,5.563451492,30.34148838,0,6.076020107,0,57.53,5.969305288,4.794537184,0,5.749511833,0,11.6394716,18.20875424,12.13273414,0,0,10.21305479,0,0,10.10337176,17.18685784,0.745555556,-0.814305556,6.270430839,2.508089569,0,0,0,12,2,3,0,0,0,0,1,0,1,0,0,2,2,3,0,2,0,0,0,0,0,2.478724192,1,1.49,44.7766,1,0,0,0,0,0,0,1,1,1,1,0,0,0,0,0,0,0,0,0,0,0,0,0,0,0,0,0,0,0,0,0,0,0,1,0,0,0,0,0,0,0,0,0,0,0,0,0,0,0,0,0,0,0,0,0,0,0,0,0,0,0,0,0,0,1,1,0,0,0,0,0,0,0,0,0,0,0,0,0,0,0,0,0,0
82,83,Ácido Protocatecuico,"Ácido 3,4-dihidroxibenzoico",C7H6O4,OC(=O)C1=CC=C(O)C(O)=C1,18,10.27170446,10.27170446,0.055277778,-1.138611111,0.522491225,9.454545455,154.121,148.073,154.0266087,58,0,0.335322526,-0.504259584,0.504259584,0.335322526,1.181818182,1.818181818,2.272727273,16.36606072,10.18219526,2.048304712,-1.968199096,2.239709079,-1.939465455,5.878917055,0.069614767,1.941518365,3.151549668,292.4920898,8.43072142,5.481939885,5.481939885,5.109060905,2.86297841,2.86297841,2.008646088,2.008646088,1.22236462,1.22236462,0.656467881,0.656467881,-1.71,271.8125711,7.397642626,2.494362825,1.402945662,62.34056859,15.31958218,0,11.49902367,0,0,5.969305288,0,4.794537184,0,0,0,18.19910121,0,5.563451492,20.11411937,5.969305288,0,0,0,0,0,23.7625527,0,11.49902367,0,0,11.49902367,0,21.28888747,0,0,10.35798868,18.19910121,0,0,0,77.76,11.71881712,4.794537184,0,11.31296332,0,12.13273414,6.066367068,0,0,0,15.31958218,0,0,10.27170446,26.02561036,-0.055277778,-1.888703704,3.313333333,0,0,0,0,11,3,4,0,0,0,0,1,0,1,0,0,3,3,4,0,1,0,0,0,0,0,1.677491342,1,0.796,36.7309,0,0,0,0,1,0,0,2,1,1,1,0,0,0,0,0,0,0,0,0,0,0,0,0,0,0,0,0,0,0,0,0,0,0,1,0,0,0,0,0,0,0,0,0,0,0,0,0,0,0,0,0,0,0,0,0,0,0,0,0,0,0,0,0,0,2,2,0,0,0,0,0,0,0,0,0,0,0,0,0,0,0,0,0,0
83,84,Luteína,"(1R)-4-[(1E,3E,5E,7E,9E,11E,13E,15E,17E)-18-[(1R,4R)-4-hidroxi-2,6,6-trimetilciclohex-2-en-1-il]-3,7,12,16-tetrametiloctadeca-1,3,5,7,9,11,13,15,17-nonaenil]-3,5,5-trimetilciclohex-3-en-1-ol",C40H56O2,CC1=C[C@H](O)CC(C)(C)[C@H]1/C=C/C(C)=C/C=C/C(C)=C/C=C/C=C(C)/C=C/C=C(C)/C=C/C1=C(C)C[C@@H](O)CC1(C)C,18,10.10526906,10.10526906,0.005275973,-0.330739128,0.203230429,26.57142857,568.886,512.438,568.428031,228,0,0.072859559,-0.392763535,0.392763535,0.072859559,0.714285714,1.214285714,1.738095238,16.26780719,9.67492008,2.341302966,-2.383472551,2.421303273,-2.320635435,5.379149835,0.116158062,2.839230999,1.895098094,1274.371446,31.50142475,27.90805238,27.90805238,19.60189852,15.4325711,15.4325711,13.72668617,13.72668617,8.329930019,8.329930019,6.143769431,6.143769431,-2.94,462381263.6,35.25720793,16.05521328,11.74310627,256.9631653,10.21305479,0,0,0,0,0,0,0,0,0,152.2738776,77.20797354,5.917906046,12.20793278,10.21305479,0,0,0,16.74788698,100.7077696,0,130.1520333,0,0,0,0,0,0,22.42098757,0,16.74788698,88.49983687,130.1520333,0,0,0,40.46,0,10.21305479,0,23.03791371,5.917906046,19.26246487,39.01173171,0,6.076020107,154.3016535,0,0,0,0,20.16847683,8.731792847,0.348064703,0,33.79729086,21.62104143,0,0.45,42,2,2,2,0,2,0,0,0,0,3,0,2,2,2,0,10,0,0,0,0,0,13.4776665,2,10.4033,184.1016,0,2,2,0,0,0,0,0,0,0,0,0,0,0,0,0,0,0,0,0,0,0,0,0,0,0,20,0,0,0,0,0,0,0,0,0,0,0,0,0,0,0,0,0,0,0,0,0,0,0,0,0,0,0,0,0,0,0,0,0,0,0,0,0,0,0,0,0,0,0,0,0,0,0,0,0,0,0,0,0,0,0,0,0,0
84,85,Violaxantina,"(1R,3S,6S)-6-[(1E,3E,5E,7E,9E,11E,13E,15E,17E)-18-[(1S,4S,6R)-4-hidroxi-2,2,6-trimetil-7-oxabiciclo[4.1.0]heptan-1-il]-3,7,12,16-tetrametiloctadeca-1,3,5,7,9,11,13,15,17-nonaenil]-1,5,5-trimetil-7-oxabiciclo[4.1.0]heptan-3-ol",C40H56O4,C\C(\C=C\C=C(/C)\C=C\[C@@]12O[C@]1(C)C[C@@H](O)CC2(C)C)=C/C=C/C=C(\C)/C=C/C=C(\C)/C=C/[C@@]12O[C@]1(C)C[C@@H](O)CC2(C)C,18,10.25352838,10.25352838,0.096914799,-0.293932387,0.194034968,39.18181818,600.884,544.436,600.4178603,240,0,0.121261655,-0.392991601,0.392991601,0.121261655,0.5,0.818181818,1.159090909,16.63786429,9.627462892,2.751509202,-2.385680291,2.666428367,-2.456444325,5.380208928,0.051038709,3.727071251,1.254499067,1273.329426,32.60623724,28.7769552,28.7769552,20.39861501,16.26685243,16.26685243,15.44157802,15.44157802,10.44112322,10.44112322,7.98869347,7.98869347,-2.5,2495281932,34.37463704,12.36053108,6.842819576,266.5577995,19.6867807,22.40420324,0,0,0,0,0,0,0,0,122.8996082,66.53610666,23.67162418,12.20793278,19.6867807,0,0,0,10.82998094,129.5327945,0,107.3566996,0,0,0,0,0,0,44.82519081,9.473725908,10.82998094,94.92065849,107.3566996,0,0,0,65.52,0,10.21305479,0,45.44211696,12.84164325,12.84164325,22.29241812,0,0,154.3016535,9.473725908,12.49789223,0,0,20.50705675,3.359870874,0,0,32.03734397,21.4311695,0,0.55,44,2,4,2,2,4,0,0,0,0,6,0,4,2,4,2,10,2,2,4,0,0,9.656562941,4,8.9698,183.2136,0,2,2,0,0,0,0,0,0,0,0,0,0,0,0,0,0,0,0,0,0,0,0,0,0,0,16,0,0,0,0,0,0,0,0,0,2,0,0,2,0,2,0,0,0,0,0,0,0,0,0,0,0,0,0,0,0,0,0,0,0,0,0,0,0,0,0,0,0,0,0,0,0,0,0,0,0,0,0,0,0,0,0,0,0
85,86,Neoxantina,"trans-(1R,3S)-6-[(3E,5E,7E,9E,11E,13E,15Z,17E)-18-[(1S,4S,6R)-4-hidroxi-2,2,6-trimetil-7-oxabiciclo[4.1.0]heptan-1-il]-3,7,12,16-tetrametiloctadeca-1,3,5,7,9,11,13,15,17-nonaneilideno]-1,5,5-trimetilciclohexano-1,3-diol",C40H56O4,C/C(=C\C=C\C=C(/C)\C=C\C=C(/C)\C=C=C1[C@](C[C@H](CC1(C)C)O)(C)O)/C=C/C=C(/C)\C=C\[C@]23[C@](O2)(C[C@H](CC3(C)C)O)C,18,10.85173272,10.85173272,0.103440067,-1.053512021,0.14059007,34.70454545,600.884,544.436,600.4178603,240,0,0.121261655,-0.392991601,0.392991601,0.121261655,0.681818182,1.181818182,1.727272727,16.6342661,9.627593829,2.74175077,-2.433087222,2.655953803,-2.456329685,5.369191335,-0.026800884,3.488583385,1.532673918,1359.657004,32.97648073,28.73857024,28.73857024,20.32355339,15.9988776,15.9988776,14.97720764,14.97720764,9.392034472,9.392034472,7.247035245,7.247035245,-2.72,1538516262,35.75560313,13.72968124,8.712603443,266.5547162,20.05644514,11.20210162,0,0,0,0,0,0,0,5.731218591,111.2504836,77.52420166,23.82973825,17.80898359,20.05644514,0,0,0,10.82998094,123.9317437,0,112.5850026,0,0,0,0,0,0,44.33066739,4.736862954,10.82998094,94.92065849,112.5850026,0,0,0,73.22,11.7050172,15.31958218,0,28.13604895,19.26246487,34.28634427,0,6.9237372,37.30383773,109.729277,4.736862954,6.242025394,0,0,31.22256536,6.627365918,0,0,28.52990201,20.62814132,0,0.525,44,3,4,2,1,3,0,0,0,0,5,0,4,3,4,1,9,2,1,3,0,0,11.1571144,3,8.7184,184.0724,0,3,2,0,0,0,0,0,0,0,0,0,0,0,0,0,0,0,0,0,0,0,0,0,0,0,15,0,0,0,0,0,0,0,0,0,1,0,0,1,0,1,0,0,0,0,0,0,0,0,0,0,0,0,0,0,0,0,0,0,0,0,0,0,0,0,0,0,0,0,0,0,0,0,0,0,0,0,0,0,0,0,0,0,0
86,87,Ácido gálico,"ácido 3,4,5-trihidroxibenzoico",C7H6O5,OC(=O)c1cc(O)c(O)c(O)c1,19;20;28;29;41,10.31281557,10.31281557,0.289074074,-1.291111111,0.45988823,9.666666667,170.12,164.072,170.0215233,64,0,0.335462307,-0.50414374,0.50414374,0.335462307,1.083333333,1.5,1.833333333,16.36689894,10.16377458,2.111007256,-2.008538048,2.346109792,-1.945388737,5.88860389,0.069558709,1.986726998,3.306535413,307.5637747,9.300964908,5.851803211,5.851803211,5.519744508,3.003251875,3.003251875,2.16825712,2.16825712,1.316632232,1.316632232,0.727664288,0.727664288,-1.91,405.2923077,8.189108028,2.612657297,1.242693018,67.13480234,20.42610958,0,17.2485355,0,0,5.969305288,0,4.794537184,0,0,0,12.13273414,0,5.563451492,25.22064676,5.969305288,0,0,0,0,0,17.69618563,0,17.2485355,0,0,17.2485355,0,26.39541487,0,0,10.35798868,12.13273414,0,0,0,97.99,23.21784079,4.794537184,0,5.563451492,0,12.13273414,0,0,0,0,20.42610958,0,0,10.31281557,34.95329554,-0.289074074,-3.332962963,1.689259259,0,0,0,0,12,4,5,0,0,0,0,1,0,1,0,0,4,4,5,0,1,0,0,0,0,0,1.782944404,1,0.5016,38.3957,0,0,0,0,1,0,0,3,1,1,1,0,0,0,0,0,0,0,0,0,0,0,0,0,0,0,0,0,0,0,0,0,0,0,1,0,0,0,0,0,0,0,0,0,0,0,0,0,0,0,0,0,0,0,0,0,0,0,0,0,0,0,0,0,0,3,3,0,0,0,0,0,0,0,0,0,0,0,0,0,0,0,0,0,0
87,88,Ácido Salicílico,"ácido 2-hidroxibenzoico;(2R,3R,4R,5S)-6-(metilamino)hexano-1,2,3,4,5-pentol",C14H23NO8,OC(=O)C1=CC=CC=C1O,20,10.26175926,10.26175926,0.06712963,-1.11287037,0.610258506,9.2,138.122,132.074,138.0316941,52,0,0.338969087,-0.507052891,0.507052891,0.338969087,1.3,1.9,2.3,16.36767013,10.18750536,2.051199792,-1.945616499,2.13818455,-1.945908635,5.900328912,0.069352422,1.878744529,3.152941447,254.7830614,7.560477932,5.112076558,5.112076558,4.715214055,2.72868801,2.72868801,1.822301623,1.822301623,1.134458362,1.134458362,0.654489245,0.654489245,-1.51,182.2382193,6.60778563,2.389632707,1.074893623,57.54633484,10.21305479,11.31296332,0,0,0,5.969305288,0,4.794537184,0,0,12.13273414,12.13273414,0,0,15.00759197,5.969305288,0,0,0,0,0,29.82891977,0,5.749511833,0,0,5.749511833,0,16.18236008,0,0,10.35798868,24.26546827,0,0,0,57.53,5.969305288,4.794537184,0,11.31296332,0,0,12.13273414,12.13273414,0,0,10.21305479,0,0,10.26175926,17.30574074,-0.06712963,-1.311944444,5.811574074,0,0,0,0,10,2,3,0,0,0,0,1,0,1,0,0,2,2,3,0,1,0,0,0,0,0,1.579018067,1,1.0904,35.0661,0,0,0,0,1,0,0,1,1,1,1,0,0,0,0,0,0,0,0,0,0,0,0,0,0,0,0,0,0,0,0,0,0,0,1,0,0,0,0,0,0,0,0,0,0,0,0,0,0,0,0,0,0,0,0,0,0,0,0,0,0,0,0,0,1,1,0,0,0,0,0,0,0,0,0,0,0,0,0,0,0,0,0,0,0
88,89,Lupeol,"(1R,3aR,5aR,5bR,7aR,9S,11aR,11bR,13aR,13bR)-3a,5a,5b,8,8,11a-hexametil-1-prop-1-en-2 -il-1,2,3,4,5,6,7,7a,9,10,11,11b,12,13,13a,13b-hexadecahidrociclopenta[a]crisen-9-ol",C30H50O,[H][C@]12[C@@H](CC[C@]1(C)CC[C@]1(C)[C@]2([H])CC[C@]2([H])[C@@]3(C)CC[C@H](O)C(C)(C)[C@]3([H])CC[C@@]12C)C(C)=C,20,10.8927409,10.8927409,0.063215082,-0.118464038,0.420722343,57.93548387,426.729,376.329,426.3861662,176,0,0.05937486,-0.392562008,0.392562008,0.05937486,0.741935484,1.451612903,2.129032258,16.26836918,9.320649643,2.696976028,-2.725143487,2.769460784,-2.660409422,5.205344214,-0.246060674,3.036913181,1.543755456,766.3733678,22.6125197,21.6894898,21.6894898,14.31178516,13.64682843,13.64682843,14.7156173,14.7156173,13.46294238,13.46294238,11.48113888,11.48113888,-0.3,7313813.199,22.49014858,6.639614438,2.651896189,192.3980473,5.106527395,0,0,0,0,0,0,0,0,0,53.69446341,127.796436,0,6.103966388,5.106527395,0,0,0,56.66448258,118.778343,0,12.15204021,0,0,0,0,0,0,11.21049378,0,56.66448258,112.6743766,12.15204021,0,0,0,20.23,0,5.106527395,0,11.51895686,27.57786792,30.09244581,63.36049914,0,0,55.04509608,0,0,0,0,10.8927409,3.384648006,3.979137665,0,13.35648425,22.30365584,0,0.933333333,31,1,1,5,0,5,0,0,0,0,10,0,1,1,1,0,1,5,0,5,0,0,4.816965006,5,8.0248,130.6498,0,1,1,0,0,0,0,0,0,0,0,0,0,0,0,0,0,0,0,0,0,0,0,0,0,0,1,0,0,0,0,0,0,0,0,0,7,0,0,0,0,0,0,0,0,0,0,0,0,0,0,0,0,0,0,0,0,0,0,0,0,0,0,0,0,0,0,0,0,0,0,0,0,0,0,0,0,0,0,0,0,0,0,0,0
89,90,Mirceno,"2-metil-6-metilideneocta-2,7-dien-4-ona",C10H14O,C=CC(=C)CC(=O)C=C(C)C,20;31,11.03777778,11.03777778,0.0925,0.0925,0.444502147,8.545454545,150.221,136.109,150.1044651,60,0,0.159461284,-0.294489367,0.294489367,0.159461284,1.454545455,2,2.363636364,16.13753898,10.10639407,1.965961287,-1.938763565,2.014016972,-1.930550031,5.916646164,-0.113506434,1.850767203,3.989027701,204.9126669,8.853371151,7.184269172,7.184269172,5.05774931,3.539058011,3.539058011,2.72714981,2.72714981,1.139630836,1.139630836,0.668967147,0.668967147,-1.11,179.5244187,9.89,4.666593888,5.339943757,68.11644306,0,0,5.783244946,0,0,0,4.794537184,0,0,0,24.806996,25.49659904,6.420821623,0,4.794537184,5.783244946,0,0,0,20.26829602,0,36.45612064,0,0,0,0,0,0,5.783244946,4.794537184,0,20.26829602,36.45612064,0,0,0,17.07,0,4.794537184,0,5.783244946,6.420821623,11.14620906,0,12.15204021,13.8474744,13.15787137,0,0,0,11.03777778,0,1.791076153,0.0925,0,3.611203704,10.96744237,0,0.3,11,0,1,0,0,0,0,0,0,0,0,0,1,0,1,0,4,0,0,0,0,0,4.195692141,0,2.654,48.392,0,0,0,0,0,0,0,0,0,0,1,1,0,0,0,0,0,0,0,0,0,0,0,0,0,0,4,0,0,0,0,0,0,0,0,0,0,0,0,0,0,0,0,0,0,0,0,0,0,0,0,1,0,0,0,0,0,0,0,0,0,0,0,0,0,0,0,0,0,0,0,0,0,0,0,0,0,0,0,0,0,0,0,0,0
90,91,Limoneno,(4R)-1-metil-4-prop-1-en-2-ilciclohexeno,C10H16,C=C(C)C1CC=C(C)CC1,20;31,3.97457483,3.97457483,0.767314815,0.767314815,0.485034492,25.8,136.238,120.11,136.1252005,56,0,-0.017096319,-0.099849371,0.099849371,0.017096319,1.7,2.4,2.8,14.16772644,9.860904676,2.112764569,-2.194708039,2.268533557,-2.043086249,5.092421184,0.540328057,1.884505361,2.495412227,162.8771238,7.560477932,6.983127663,6.983127663,4.698377303,4.009201922,4.009201922,3.368130306,3.368130306,2.334890912,2.334890912,1.412842425,1.412842425,-0.52,180.9125147,7.585485232,3.046280408,1.728509717,63.63869284,0,0,0,0,0,0,0,0,0,0,23.80116485,39.02784531,0,0,0,0,0,0,5.917906046,33.10993927,0,23.80116485,0,0,0,0,0,0,0,0,5.917906046,33.10993927,23.80116485,0,0,0,0,0,0,0,0,0,5.917906046,24.8355694,5.57310453,0,26.50243019,0,0,0,0,0,2.903935185,0.767314815,0,6.16587963,8.329537037,0,0.6,10,0,0,1,0,1,0,0,0,0,1,0,0,0,0,0,1,0,0,0,0,1,2.310751504,1,3.3089,45.912,0,0,0,0,0,0,0,0,0,0,0,0,0,0,0,0,0,0,0,0,0,0,0,0,0,0,3,0,0,0,0,0,0,0,0,0,0,0,0,0,0,0,0,0,0,0,0,0,0,0,0,0,0,0,0,0,0,0,0,0,0,0,0,0,0,0,0,0,0,0,0,0,0,0,0,0,0,0,0,0,0,0,0,0,0
91,92,Acetogeninas anonáceas,"4-[2-hidroxi-6-[5-(1,4,5-trihidroxiundecil)oxolan-2-il]hexil]-2-metil-2H-furan-5-ona",C26H46O7,CCCCCCC(C(CCC(C1CCC(O1)CCCCC(CC2=CC(OC2=O)C)O)O)O)O,21;29,11.62580649,11.62580649,0.11503707,-0.796325738,0.189702019,26.66666667,470.647,424.279,470.3243538,192,0,0.33399357,-0.455051312,0.455051312,0.33399357,0.939393939,1.666666667,2.363636364,16.54714511,9.976966463,2.309105219,-2.224180846,2.281972247,-2.308583724,5.903904822,-0.138898218,3.376635105,1.540687231,593.1894737,24.2169677,20.53189634,20.53189634,15.79493275,13.09082253,13.09082253,9.947358443,9.947358443,6.885352532,6.885352532,4.810494411,4.810494411,-0.99,18500907.9,28.24867993,15.09714659,10.43478523,198.7270861,29.89983549,6.103966388,0,0,0,5.969305288,0,4.794537184,0,0,45.44866694,57.94550867,11.99392615,36.62379833,34.69437267,5.969305288,0,0,0,146.4667418,0,11.64912464,0,0,0,0,0,0,69.12317958,14.26826309,0,103.7389771,11.64912464,0,0,0,116.45,24.41586555,25.22064676,0,24.28120445,37.67721264,57.78739461,0,6.076020107,6.9237372,6.9237372,9.473725908,11.0781536,0,11.62580649,40.91945061,0.56952392,-0.319900954,0,9.841571854,3.952061149,0,0.884615385,33,4,7,0,2,2,0,0,0,0,7,0,7,4,7,2,17,0,1,1,0,7,12.92346854,2,3.5504,126.6372,0,4,4,0,0,0,0,0,0,0,1,1,0,0,0,0,0,0,0,0,0,0,0,0,0,0,0,0,0,0,0,0,0,0,0,0,0,0,0,0,1,2,0,0,0,0,0,0,0,0,0,0,0,0,1,0,0,0,0,0,0,0,0,0,0,0,0,0,0,0,0,0,0,0,0,0,0,0,0,0,0,0,0,4,0
92,93,Annocherina A,1-[hidroxi-(4-hidroxifenil)metil]-6-metoxiisoquinolin-7-ol,C17H15NO4,COC1=C(C=C2C(=C1)C=CN=C2[C@H](C3=CC=C(C=C3)O)O)O,21,10.54113985,10.54113985,0.011892479,-0.961023243,0.692133948,12.27272727,297.31,282.19,297.100108,112,0,0.160619755,-0.507966615,0.507966615,0.160619755,1.045454545,1.772727273,2.454545455,16.47406606,10.00205241,2.165517468,-2.140958782,2.347308827,-2.028125532,5.878597271,0.216741842,2.534904889,2.136340602,814.7519278,15.68986997,11.8932551,11.8932551,10.59655545,6.725017089,6.725017089,4.935453798,4.935453798,3.562519835,3.562519835,2.407108706,2.407108706,-2.79,120164.6313,14.16008693,5.537122722,2.422023582,126.6159406,20.05644514,11.85347822,11.49902367,0,0,0,4.983978521,0,0,0,12.13273414,41.28151105,11.58306779,12.80372554,20.05644514,10.77244843,0,4.983978521,0,6.103966388,7.109797541,59.91879254,0,17.2485355,4.736862954,0,17.2485355,0,27.41335825,0,0,17.36134587,48.66141305,0,10.77244843,0,82.81,6.103966388,15.31958218,0,11.49902367,22.39311553,5.386224214,25.30889875,30.46231185,0,4.983978521,4.736862954,5.090545506,0,4.23779384,31.26941572,1.036343249,0.481610244,11.26985235,0.634003055,0,1.480436037,0.117647059,22,3,5,0,0,0,0,2,1,3,1,0,5,3,5,1,3,0,0,0,0,0,3.563915412,3,2.7363,82.1284,0,1,1,0,0,1,0,2,0,0,0,0,0,0,0,1,0,0,0,0,0,0,0,0,0,0,0,0,0,0,0,0,0,0,2,0,1,0,0,0,0,1,0,0,0,0,0,0,0,0,0,0,0,0,0,1,0,0,0,0,0,0,0,0,0,2,2,0,0,0,0,0,0,1,0,0,0,0,0,0,0,0,0,0,0
93,94,Annocherina B,1-[(S)-(4-hidroxifenil)-metoximetil]-6-metoxiisoquinolin-7-ol,C18H17NO4,O([C@H](C1=NC=CC=2C1=CC(O)=C(OC)C2)C3=CC=C(O)C=C3)C,21,10.06777053,10.06777053,0.050749244,-0.410097317,0.772506159,12.26086957,311.337,294.201,311.115758,118,0,0.160619755,-0.507966615,0.507966615,0.160619755,1,1.739130435,2.391304348,16.47774594,9.999375827,2.187266085,-2.17677627,2.358172148,-2.061336809,5.878991248,0.133907864,2.567176566,2.169270658,830.2943515,16.39697675,12.85428979,12.85428979,11.13456025,7.11076875,7.11076875,5.148659429,5.148659429,3.774579104,3.774579104,2.638359296,2.638359296,-2.79,201122.8809,15.11902991,6.139963746,2.783685014,133.3001941,19.6867807,11.85347822,11.49902367,0,0,0,4.983978521,0,0,0,12.13273414,41.28151105,18.69286533,12.80372554,19.6867807,10.77244843,0,4.983978521,0,6.103966388,14.21959508,59.91879254,0,17.2485355,4.736862954,0,17.2485355,0,29.41662839,4.736862954,0,17.36134587,48.66141305,0,10.77244843,0,71.81,6.103966388,10.21305479,0,11.49902367,11.44343983,16.33589992,7.109797541,49.70484352,6.066367068,4.983978521,9.473725908,10.75794512,0,4.43404384,21.1889741,1.550232138,0.652705765,12.02124123,1.284928981,0,3.109928825,0.166666667,23,2,5,0,0,0,0,2,1,3,1,0,5,2,5,1,4,0,0,0,0,0,4.036099805,3,3.3904,86.9186,0,0,0,0,0,1,0,2,0,0,0,0,0,0,0,1,0,0,0,0,0,0,0,0,0,0,0,0,0,0,0,0,0,0,2,0,1,0,0,0,0,2,0,0,0,0,0,0,0,0,0,0,0,0,0,2,0,0,0,0,0,0,0,0,0,2,2,0,0,0,0,0,0,1,0,0,0,0,0,0,0,0,0,0,0
94,95,Annomolina,"(2S)-2-metil-4-[(2R,5R,6R)-2,5,6-trihidroxi-11-[(2R,5S)-5-[(1S)-1-hidroxipentadecil]oxolan-2-il]undecil]-2H-furan-5-ona",C35H64O7,CCCCCCCCCCCCCC[C@H](O)[C@@H]1CC[C@@H](CCCCC[C@@H](O)[C@H](O)CC[C@@H](O)CC2=C[C@H](C)OC2=O)O1,21,11.67155888,11.67155888,0.01941222,-0.880926114,0.062376857,23.52380952,596.89,532.378,596.4652044,246,0,0.33399357,-0.455051312,0.455051312,0.33399357,0.738095238,1.30952381,1.928571429,16.54715922,9.973679583,2.298449443,-2.199688903,2.280797187,-2.270509342,5.903945319,-0.138910906,3.56687672,1.410306945,726.1278132,30.58092873,26.89585737,26.89585737,20.29493275,17.59082253,17.59082253,13.12933896,13.12933896,9.135352532,9.135352532,6.396624317,6.396624317,-0.99,1485008250,37.19816436,22.50850987,16.18528907,256.0115651,29.89983549,6.103966388,0,0,0,5.969305288,0,4.794537184,0,0,103.2360615,57.94550867,11.99392615,36.62379833,34.69437267,5.969305288,0,0,0,204.2541364,0,11.64912464,0,0,0,0,0,0,69.12317958,14.26826309,0,161.5263717,11.64912464,0,0,0,116.45,18.31189916,25.22064676,0,36.80599246,24.8355694,51.36657298,70.62903785,12.99975731,0,6.9237372,9.473725908,11.20664892,0,11.67155888,41.40699487,0.483053415,-0.382732765,0,22.73568577,4.045457577,0,0.914285714,42,4,7,0,2,2,0,0,0,0,7,0,7,4,7,2,26,0,1,1,0,0,19.93512499,2,7.0613,168.1902,0,4,4,0,0,0,0,0,0,0,1,1,0,0,0,0,0,0,0,0,0,0,0,0,0,0,0,0,0,0,0,0,0,0,0,0,0,0,0,0,1,2,0,0,0,0,0,0,0,0,0,0,0,0,1,0,0,0,0,0,0,0,0,0,0,0,0,0,0,0,0,0,0,0,0,0,0,0,0,0,0,0,0,13,0
95,96,Anonaína,"(12R)-3,5-dioxa-11-azapentaciclo[10.7.1.02,6.08,20.014,19]icosa-1(20),2(6),7,14,16,18-hexaeno",C17H15NO2,[H][C@]12Cc3ccccc3-c3c4OCOc4cc(CCN1)c23,21,5.775641534,5.775641534,0.338778581,0.338778581,0.794236463,21.3,265.312,250.192,265.1102787,100,0,0.230835399,-0.453559224,0.453559224,0.230835399,1.1,2.05,3.05,16.69702121,9.772044888,2.344514967,-2.342864222,2.5145082,-2.33244348,5.833453302,0.173912428,2.948663372,1.898079429,723.1702104,13.10408353,11.10902532,11.10902532,9.915816238,7.186557829,7.186557829,5.676133493,5.676133493,4.633436519,4.633436519,3.801725607,3.801725607,-2,128101.7316,10.74793388,3.764705882,1.281594874,117.0726671,14.79051451,0,11.49902367,6.792942306,0,0,0,0,0,0,24.26546827,47.70657269,11.60529232,0,9.473725908,0,0,5.316788604,0,18.88348408,13.33769871,47.02218982,0,22.62592665,14.79051451,0,11.49902367,0,13.33769871,12.84164325,0,22.7321953,30.33183534,0,11.12690298,0,30.49,0,0,0,0,12.83478314,30.88542332,27.81725746,0,0,35.64862395,9.473725908,11.41439838,0,0,3.652750378,6.815789872,1.847873205,11.25741875,2.132398195,1.379371221,0,0.294117647,20,1,3,1,2,3,0,2,0,2,1,0,3,1,3,2,0,0,0,0,0,0,2.023140496,5,2.8252,76.1527,0,0,0,0,0,0,0,0,0,0,0,0,0,0,0,0,1,0,0,0,0,0,0,0,0,0,0,0,0,0,0,0,0,0,2,0,4,0,0,0,0,2,0,0,0,0,0,0,0,0,0,0,0,0,0,0,0,0,0,0,0,0,0,0,0,0,0,0,0,0,0,0,0,0,0,0,0,0,0,0,0,0,0,0,0
96,97,Miricetina,"3,5,7-trihidroxi-2-(3,4,5-trihidroxifenil)cromen-4-ona",C15H10O8,OC1=CC(O)=C2C(OC(=C(O)C2=O)C2=CC(O)=C(O)C(O)=C2)=C1,22;28;34,12.16530203,12.16530203,0.099877173,-0.9668476,0.370750465,10.95652174,318.237,308.157,318.0375673,118,0,0.238288602,-0.507678166,0.507678166,0.238288602,0.739130435,1.347826087,1.956521739,16.36087362,10.07944721,2.202914196,-2.088633525,2.415048292,-2.025271983,5.879681088,0.367564388,2.467837173,2.395110401,979.5051144,16.88638687,11.30917923,11.30917923,10.79060146,6.263414299,6.263414299,4.810053589,4.810053589,3.267223238,3.267223238,2.206068716,2.206068716,-3.55,126896.1874,14.38989926,4.733787741,2.126868368,126.9019033,35.05631531,22.46826802,23.00878292,11.17830223,0,0,4.794537184,0,0,0,0,12.13273414,17.69618563,0,35.05631531,10.96924436,0,0,0,0,0,34.48879585,0,45.82076991,5.428790392,0,34.497071,0,30.63916437,0,0,0,33.47715639,0,22.29294327,0,151.59,39.93659698,35.43370155,0,22.28220768,0,24.26546827,0,0,0,0,4.417150937,5.29712774,0,12.16530203,57.16059071,-1.282137188,-4.395611668,3.888061711,0,0,0,0,23,6,8,0,0,0,0,2,1,3,0,0,8,6,8,1,1,0,0,0,0,0,2.961683857,3,1.6936,77.9088,0,0,0,0,0,0,0,6,0,0,0,0,0,0,0,0,0,0,0,0,0,0,0,0,0,0,0,0,0,0,0,0,0,0,2,0,1,0,0,0,0,0,0,0,0,0,0,0,0,0,0,0,0,0,0,0,0,0,0,0,0,0,0,0,0,5,5,0,0,0,0,0,0,0,0,0,0,0,0,0,0,0,0,0,0
97,98,Ácido oleanólico,"ácido (4aS,6aR,6aS,6bR,8aR,10S,12aR,14bS)-10-hidroxi-2,2,6a,6b,9,9,12a-heptametil-1,3,4,5,6,6a,7,8,8a,10,11,12,13,14b-tetradecahidropiceno-4a-carboxílico",C30H48O3,CC1(C)CC[C@]2(C(=O)O)CC[C@]3(C)C(=CC[C@@H]4[C@@]5(C)CC[C@H](O)C(C)(C)[C@@H]5CC[C@]43C)[C@@H]2C1,22;24;40,12.75322934,12.75322934,0.030112654,-0.553468964,0.409054599,52.42424242,456.711,408.327,456.3603454,186,0,0.309742359,-0.480805572,0.480805572,0.309742359,0.878787879,1.545454545,2.212121212,16.36827436,9.33303494,2.687049448,-2.707615569,2.752654789,-2.646413367,5.763364087,-0.20508137,2.707833799,1.597821356,884.9726008,24.24227621,22.26049464,22.26049464,15.1409004,13.7614461,13.7614461,15.05246288,15.05246288,13.04212664,13.04212664,10.61581619,10.61581619,-0.83,13644195.04,23.89063251,6.890065397,2.86767829,201.3538031,10.21305479,0,0,0,0,5.969305288,4.794537184,0,0,0,60.11528503,109.0368867,0,11.51895686,15.00759197,5.969305288,0,0,50.24366095,118.778343,0,11.64912464,0,0,0,0,0,0,22.28632647,4.794537184,50.24366095,112.6743766,11.64912464,0,0,0,57.53,11.38429576,15.00759197,0,39.09682478,11.83581209,51.36657298,18.41474778,0,0,54.5421805,0,0,0,12.75322934,21.37219739,1.675853348,0.806695752,0,12.61296184,16.945729,0,0.9,33,2,3,5,0,5,0,0,0,0,8,0,2,2,3,0,1,4,0,4,0,0,4.988121829,5,7.2336,132.6816,1,1,1,0,0,0,0,0,1,1,1,0,0,0,0,0,0,0,0,0,0,0,0,0,0,0,2,0,0,0,0,0,0,0,0,0,7,0,0,0,0,0,0,0,0,0,0,0,0,0,0,0,0,0,0,0,0,0,0,0,0,0,0,0,0,0,0,0,0,0,0,0,0,0,0,0,0,0,0,0,0,0,0,0,0
98,99,Ácido ursólico,"ácido (1S,2R,4aS,6aR,6aS,6bR,8aR,10S,12aR,14bS)-10-hidroxi-1,2,6a,6b,9,9,12a-heptametil-2,3,4,5,6,6a,7,8,8a,10,11,12,13,14b-tetradecahidro-1H-piceno-4a-carboxílico",C30H48O3,[H][C@@]12[C@@H](C)[C@H](C)CC[C@@]1(CC[C@]1(C)C2=CC[C@]2([H])[C@@]3(C)CC[C@H](O)C(C)(C)[C@]3([H])CC[C@@]12C)C(O)=O,22;24;29;40,12.79442926,12.79442926,0.030190027,-0.557033779,0.414108691,55.33333333,456.711,408.327,456.3603454,186,0,0.309752764,-0.480805443,0.480805443,0.309752764,0.909090909,1.606060606,2.272727273,16.36828329,9.330790097,2.69006285,-2.709429388,2.752776611,-2.65021645,5.763991904,-0.206150277,2.737482984,1.612700751,873.7674915,24.18986997,22.2080884,22.2080884,15.25516083,13.87570652,13.87570652,14.48428599,14.48428599,13.39461474,13.39461474,10.84740709,10.84740709,-0.83,16035584.02,23.89063251,7.10993563,2.752023123,201.3538031,10.21305479,0,0,0,0,5.969305288,4.794537184,0,0,0,60.11528503,109.0368867,0,11.51895686,15.00759197,5.969305288,0,0,56.66448258,112.3575214,0,11.64912464,0,0,0,0,0,0,22.28632647,4.794537184,56.66448258,106.253555,11.64912464,0,0,0,57.53,11.38429576,15.00759197,0,33.68183431,23.67162418,44.94575136,18.41474778,0,0,54.5421805,0,0,0,12.79442926,21.41093555,1.458497789,1.824920858,0,11.644133,16.95041688,0,0.9,33,2,3,5,0,5,0,0,0,0,10,0,2,2,3,0,1,4,0,4,0,0,5.147298767,5,7.0895,132.6116,1,1,1,0,0,0,0,0,1,1,1,0,0,0,0,0,0,0,0,0,0,0,0,0,0,0,2,0,0,0,0,0,0,0,0,0,7,0,0,0,0,0,0,0,0,0,0,0,0,0,0,0,0,0,0,0,0,0,0,0,0,0,0,0,0,0,0,0,0,0,0,0,0,0,0,0,0,0,0,0,0,0,0,0,0
99,100,Dictamnina,"4-metoxifuro[2,3-b]quinolina",C12H9NO2,COc1c2ccccc2nc2occc12,23,5.399074074,5.399074074,0.61625,0.61625,0.603925774,11,199.209,190.137,199.0633285,74,0,0.229692383,-0.495207339,0.495207339,0.229692383,1.133333333,2,2.866666667,16.4669143,10.1463235,2.099051496,-2.046075884,2.322048746,-1.876160661,5.985127985,0.423919708,2.728286475,2.574044785,627.6405122,10.25071238,8.227811792,8.227811792,7.398178148,4.698771174,4.698771174,3.301629007,3.301629007,2.464209568,2.464209568,1.79821107,1.79821107,-2.03,6291.42861,8.292484649,2.984333072,1.094577642,86.28719677,9.154013891,5.749511833,0,5.713496645,0,0,0,4.983978521,0,0,12.13273414,18.19910121,5.386224214,24.27588547,9.154013891,22.00264579,0,4.983978521,0,0,7.109797541,36.59499834,0,5.749511833,4.736862954,0,5.749511833,0,12.09377606,0,0,0,41.01214928,0,22.00264579,0,35.26,0,0,0,0,5.713496645,22.03866098,0,13.37296054,30.33183534,4.983978521,9.154013891,10.67644558,0,4.39962963,1.921388889,1.502175926,0.823472222,9.725221088,1.624074074,0,1.660925926,0.083333333,15,0,3,0,0,0,0,1,2,3,0,0,3,0,3,2,1,0,0,0,0,0,1.649835746,3,2.9896,58.067,0,0,0,0,0,1,0,0,0,0,0,0,0,0,0,1,0,0,0,0,0,0,0,0,0,0,0,0,0,0,0,0,0,0,1,0,2,0,0,0,0,1,1,0,0,0,0,0,0,0,0,0,0,0,0,1,0,0,0,0,0,0,0,0,1,0,0,0,0,0,0,0,0,1,0,0,0,0,0,0,0,0,0,0,0
100,101,_-Fagarina (Gamma-fagarina),"4,8-dimetoxifuro[2,3-b]quinolina",C13H11NO3,COc1c2ccoc2nc2c(OC)cccc12,23,5.443019652,5.443019652,0.554490741,0.554490741,0.677185334,10.94117647,229.235,218.147,229.0738932,86,0,0.22982494,-0.49520479,0.49520479,0.22982494,1.058823529,1.941176471,2.705882353,16.47103696,10.13229482,2.135990458,-2.082579804,2.360905521,-1.914538447,6.008749935,0.415695629,2.824681299,2.528314788,687.504086,11.82806265,9.558709813,9.558709813,8.346866553,5.227810276,5.227810276,3.640920219,3.640920219,2.770429175,2.770429175,2.012810414,2.012810414,-2.23,15962.27402,9.958232245,3.65985367,1.337189311,97.76568412,13.89087684,17.01572438,0,5.713496645,0,0,0,4.983978521,0,0,6.066367068,18.19910121,5.386224214,25.86898229,13.89087684,22.00264579,0,4.983978521,0,0,14.21959508,30.52863127,0,11.49902367,9.473725908,0,11.49902367,0,19.2035736,0,0,0,34.94578221,0,22.00264579,0,44.49,0,0,0,0,11.46300848,22.03866098,0,20.48275808,24.26546827,4.983978521,13.89087684,16.0570531,0,4.445416667,1.786113946,1.299212963,1.469212963,7.580395881,1.602721088,0,3.259873394,0.153846154,17,0,4,0,0,0,0,1,2,3,0,0,4,0,4,2,2,0,0,0,0,0,2.143863108,3,2.9982,64.619,0,0,0,0,0,1,0,0,0,0,0,0,0,0,0,1,0,0,0,0,0,0,0,0,0,0,0,0,0,0,0,0,0,0,1,0,2,0,0,0,0,2,1,0,0,0,0,0,0,0,0,0,0,0,0,2,0,0,0,0,0,0,0,0,1,0,0,0,0,0,0,0,0,1,0,0,0,0,0,0,0,0,0,0,0
101,102,Skimianina (o Skimmianina),"4,7,8-trimetoxifuro[2,3-b]quinolina",C14H13NO4,COc1ccc2c(OC)c3ccoc3nc2c1OC,23,5.475716412,5.475716412,0.510095427,0.510095427,0.723302992,10.89473684,259.261,246.157,259.0844579,98,0,0.229827297,-0.495204749,0.495204749,0.229827297,0.894736842,1.684210526,2.368421053,16.50899962,10.12095639,2.172413435,-2.118489631,2.406953814,-1.949994609,6.019116679,0.35744737,2.907043335,2.493335686,747.865518,13.40541292,10.88960783,10.88960783,9.295554958,5.756849379,5.756849379,3.98171842,3.98171842,3.070911809,3.070911809,2.232095998,2.232095998,-2.43,40189.87411,11.64865884,4.348447028,1.582125781,109.2441715,18.6277398,11.26621255,11.49902367,5.713496645,0,0,0,4.983978521,0,0,0,18.19910121,5.386224214,32.97877983,18.6277398,22.00264579,0,4.983978521,0,0,21.32939262,24.4622642,0,17.2485355,14.21058886,0,17.2485355,0,26.31337114,0,0,0,28.87941514,0,22.00264579,0,53.72,0,0,0,0,22.72922103,16.52196026,0,27.59255562,18.19910121,4.983978521,18.6277398,21.49443334,0,4.474027778,1.690990646,1.16393802,1.904409486,5.559085176,1.58608631,0,4.793695909,0.214285714,19,0,5,0,0,0,0,1,2,3,0,0,5,0,5,2,3,0,0,0,0,0,2.665977679,3,3.0068,71.171,0,0,0,0,0,1,0,0,0,0,0,0,0,0,0,1,0,0,0,0,0,0,0,0,0,0,0,0,0,0,0,0,0,0,1,0,2,0,0,0,0,3,1,0,0,0,0,0,0,0,0,0,0,0,0,3,0,0,0,0,0,0,0,0,0,0,0,0,0,0,0,0,0,1,0,0,0,0,0,0,0,0,0,0,0
102,103,Kokusaginina (o Coccusaginina),"4,6,7-trimetoxifuro[2,3-b]quinolina",C14H13NO4,COc1cc2nc3occc3c(OC)c2cc1OC,23,5.475716412,5.475716412,0.538490646,0.538490646,0.723302992,10.89473684,259.261,246.157,259.0844579,98,0,0.229694626,-0.495204853,0.495204853,0.229694626,0.947368421,1.684210526,2.368421053,16.50843344,10.12398459,2.149991421,-2.109450033,2.387181012,-1.936042095,5.999908769,0.355239244,2.903777439,2.438908343,747.865518,13.40541292,10.88960783,10.88960783,9.278718205,5.750866315,5.750866315,4.00882046,4.00882046,3.062035075,3.062035075,2.177692387,2.177692387,-2.43,39351.99185,11.64865884,4.348447028,1.659159962,109.2441715,18.6277398,5.749511833,11.49902367,5.713496645,0,0,0,4.983978521,0,0,0,12.13273414,11.45259128,38.49548055,18.6277398,22.00264579,0,4.983978521,0,0,21.32939262,24.4622642,0,17.2485355,14.21058886,0,17.2485355,0,26.31337114,0,0,0,28.87941514,0,22.00264579,0,53.72,0,0,0,0,17.21252031,22.03866098,0,33.65892269,12.13273414,4.983978521,18.6277398,21.39165108,0,4.448093348,1.690990646,1.271777683,1.975099206,5.488493717,1.590804516,0,4.809756472,0.214285714,19,0,5,0,0,0,0,1,2,3,0,0,5,0,5,2,3,0,0,0,0,0,2.665977679,3,3.0068,71.171,0,0,0,0,0,1,0,0,0,0,0,0,0,0,0,1,0,0,0,0,0,0,0,0,0,0,0,0,0,0,0,0,0,0,1,0,2,0,0,0,0,3,1,0,0,0,0,0,0,0,0,0,0,0,0,3,0,0,0,0,0,0,0,0,0,0,0,0,0,0,0,0,0,1,0,0,0,0,0,0,0,0,0,0,0
103,104,Graveolina,"2-(1,3-benzodioxol-5-il)-1-metilquinolin-4-ona",C17H13NO3,Cn1c(-c2ccc3c(c2)OCO3)cc(=O)c2ccccc21,23,12.28955334,12.28955334,0.024413738,0.024413738,0.687355405,12.80952381,279.295,266.191,279.0895433,104,0,0.230800676,-0.453595055,0.453595055,0.230800676,1,1.80952381,2.714285714,16.69670411,10.0759111,2.152648576,-2.124277593,2.354308761,-2.083132182,5.822687899,0.173669895,2.982023344,1.986177276,911.5425506,14.39697675,11.4978674,11.4978674,10.23718344,6.726884306,6.726884306,5.038035308,5.038035308,3.828365942,3.828365942,2.735847961,2.735847961,-2.75,139314.1666,12.02605536,4.379619614,1.796905182,120.712447,14.04082556,0,16.92781406,6.792942306,0,0,4.794537184,0,0,0,12.13273414,30.33183534,24.06371476,11.21062871,9.473725908,10.90292493,0,4.567099648,7.047671983,0,6.792942306,58.75426412,0,22.75640315,14.9025163,0,11.49902367,0,11.36004195,7.047671983,0,0,53.32547373,0,22.16030442,0,40.46,0,4.794537184,0,12.2217327,5.749511833,27.90981625,0,6.066367068,54.07934111,0,9.473725908,12.75342629,0,12.28955334,0.726382721,2.732071051,1.456154415,15.00359518,0,0.245473751,1.960009921,0.117647059,21,0,4,0,1,1,0,2,1,3,0,0,3,0,4,2,1,0,0,0,0,0,2.508073712,4,2.9342,80.748,0,0,0,0,0,1,0,0,0,0,0,0,0,0,0,1,0,0,0,0,0,0,0,0,0,0,0,0,0,0,1,0,0,0,2,0,2,0,0,0,0,2,0,0,0,0,0,0,0,0,0,0,0,0,0,0,0,0,0,0,0,0,0,0,1,0,0,0,0,0,0,0,0,1,0,0,0,0,0,0,0,0,0,0,0
104,105,Arborinina,"1-hidroxi-2,3-dimetoxi-10-metilacridin-9-ona",C16H15NO4,COc1cc2c(c(O)c1OC)c(=O)c1ccccc1n2C,23,12.65909439,12.65909439,0.16424178,-0.224858277,0.734522345,11,285.299,270.179,285.100108,108,0,0.203481382,-0.503592701,0.503592701,0.203481382,1.095238095,1.80952381,2.476190476,16.51332191,10.0761977,2.192867977,-2.151921802,2.412321952,-2.097066411,5.983696301,0.334972551,2.512867769,2.635015377,911.6686182,15.14589989,12.00592341,12.00592341,10.09575411,6.451603544,6.451603544,4.76009818,4.76009818,3.72210923,3.72210923,2.673271874,2.673271874,-2.69,71104.10639,13.30033664,4.697197864,1.738494713,120.5020243,19.14735295,0,11.49902367,11.17830223,0,0,4.794537184,0,0,0,12.13273414,12.13273414,18.50026327,30.63922073,14.5802533,21.80584986,0,4.567099648,7.047671983,0,14.21959508,40.55516292,0,17.2485355,14.9025163,0,17.2485355,0,23.89322213,7.047671983,0,0,35.12637253,0,21.80584986,0,60.69,0,9.901064579,0,22.31403827,16.65243677,5.516700718,14.21959508,18.19910121,23.74750577,0,9.473725908,12.24551587,0,12.65909439,11.18920966,1.159836073,0.350338246,8.972718254,0,0,4.756620843,0.1875,21,1,5,0,0,0,0,2,1,3,0,0,4,1,5,1,2,0,0,0,0,0,2.974967278,3,2.4145,81.4638,0,0,0,0,0,1,0,1,0,0,0,0,0,0,0,1,0,0,0,0,0,0,0,0,0,0,0,0,0,0,1,0,0,0,2,0,2,0,0,0,0,2,0,0,0,0,0,0,0,0,0,0,0,0,0,2,0,0,0,0,0,0,0,0,1,1,1,0,0,0,0,0,0,1,0,0,0,0,0,0,0,0,0,0,0
105,106,Naringenina,"(2S)-5,7-dihidroxi-2-(4-hidroxifenil)-2,3-dihidrocromen-4-ona",C15H12O5,[H][C@]1(CC(=O)C2=C(O1)C=C(O)C=C2O)C1=CC=C(O)C=C1,23;32,12.09729844,12.09729844,0.093363568,-0.502962963,0.742113913,17.4,272.256,260.16,272.0684735,102,0,0.173909205,-0.507966607,0.507966607,0.173909205,1,1.7,2.4,16.49322234,9.952598887,2.301702053,-2.256794637,2.411048984,-2.199281335,6.022723273,0.084464737,2.375360588,1.9989097,675.4083829,14.2756564,10.40669603,10.40669603,9.541713896,6.091315503,6.091315503,4.663357648,4.663357648,3.249848156,3.249848156,2.300064557,2.300064557,-2.69,38062.77807,12.34924601,4.450130077,2.028842672,114.2352611,20.05644514,34.66546521,5.783244946,0,0,0,4.794537184,0,0,0,12.13273414,17.69618563,12.13273414,6.420821623,24.85098232,5.783244946,0,0,0,12.52478801,0,47.52510539,0,22.99804733,4.736862954,0,22.99804733,0,21.10282713,0,0,28.44622818,36.39820241,0,0,0,86.99,6.103966388,20.11411937,0,40.76556539,0,11.62981856,18.19910121,12.13273414,0,0,4.736862954,5.667451814,0,12.09729844,28.43482645,0.835612035,-0.402974773,8.777385428,-0.409599395,0,0,0.133333333,20,3,5,0,1,1,0,2,0,2,1,0,5,3,5,1,1,0,0,0,0,0,2.747787555,3,2.5099,70.1949,0,0,0,0,0,0,0,3,0,0,1,1,0,0,0,0,0,0,0,0,0,0,0,0,0,0,0,0,0,0,0,0,0,0,2,0,1,0,0,0,0,1,0,0,0,0,0,0,0,0,0,1,1,0,0,0,0,0,0,0,0,0,0,0,0,3,3,0,0,0,0,0,0,0,0,0,0,0,0,0,0,0,0,0,0
106,107,Taxifolina (Taxifolin),"(2R,3R)-2-(3,4-dihidroxifenil)-3,5,7-trihidroxi-2,3-dihidrocromen-4-ona",C15H12O7,O[C@@H]1[C@H](OC2=CC(O)=CC(O)=C2C1=O)C1=CC=C(O)C(O)=C1,23,12.20074468,12.20074468,0.07836593,-1.60473545,0.500530876,20.31818182,304.254,292.158,304.0583027,114,0,0.202443576,-0.507678567,0.507678567,0.202443576,0.909090909,1.636363636,2.318181818,16.50814765,9.924548156,2.388317194,-2.29806891,2.421797955,-2.35753784,6.051966043,0.020969215,2.447729534,2.082393325,768.7265466,16.01614338,11.09401644,11.09401644,10.37991785,6.349994644,6.349994644,4.933723366,4.933723366,3.449853707,3.449853707,2.381594092,2.381594092,-2.93,86490.52307,14.02613217,4.814562235,2.076963432,123.8237286,30.26949993,22.81198699,23.70695644,5.783244946,0,0,4.794537184,0,0,0,6.066367068,17.69618563,12.13273414,0,35.06403711,5.783244946,0,0,0,12.20793278,0,41.45873833,0,28.74755917,4.736862954,0,28.74755917,0,37.41984831,0,0,22.02540656,30.33183534,0,0,0,127.45,29.49020139,30.32717416,0,28.37543848,0,18.19910121,12.13273414,0,0,0,4.736862954,5.473609221,0,12.20074468,48.10717108,0.036280497,-2.414960265,5.847538384,-2.750383598,0,0,0.133333333,22,5,7,0,1,1,0,2,0,2,2,0,7,5,7,1,1,0,0,0,0,0,3.069531193,3,1.1863,73.2495,0,1,1,0,0,0,0,4,0,0,1,1,0,0,0,0,0,0,0,0,0,0,0,0,0,0,0,0,0,0,0,0,0,0,2,0,1,0,0,0,0,1,0,0,0,0,0,0,0,0,0,1,1,0,0,0,0,0,0,0,0,0,0,0,0,4,4,0,0,0,0,0,0,0,0,0,0,0,0,0,0,0,0,0,0
107,108,Diosmina,"5-hidroxi-2-(3-hidroxi-4-metoxifenil)-7-[(2S,3R,4S,5S,6R)-3,4,5-trihidroxi-6-[[(2R,3R,4R,5R,6S)-3,4,5-trihidroxi-6-metiloxan-2-il]oximetil]oxan-2-il]oxicromen-4-ona",C28H32O15,COC1=C(O)C=C(C=C1)C1=CC(=O)C2=C(O)C=C(O[C@@H]3O[C@H](CO[C@@H]4O[C@@H](C)[C@H](O)[C@@H](O)[C@H]4O)[C@@H](O)[C@H](O)[C@H]3O)C=C2O1,24,12.81621378,12.81621378,0.05165385,-1.780350689,0.159015734,32.93023256,608.549,576.293,608.1741203,234,0,0.228727829,-0.506893135,0.506893135,0.228727829,0.790697674,1.488372093,2.186046512,16.7304156,9.984286675,2.469983196,-2.419742693,2.354006118,-2.612584192,5.857738052,-0.318246238,2.970966657,1.361811921,1507.492076,31.16204327,22.88015789,22.88015789,20.38715691,13.25051455,13.25051455,10.32432055,10.32432055,7.400633864,7.400633864,4.92353625,4.92353625,-3.51,2630332649,30.93172501,12.23675109,5.991093244,242.7906821,68.95368486,70.95628016,23.21784079,6.290026729,0,0,4.794537184,0,0,0,0,25.12283841,23.7625527,19.82064589,68.95368486,10.96924436,0,0,0,68.33552176,13.71667951,46.62152999,0,34.32174624,14.9025163,0,22.99804733,0,115.9806832,14.21058886,0,6.9237372,45.60989053,0,22.29294327,0,238.2,79.19696875,45.64675634,0,33.97802727,5.563451492,12.13273414,32.23263595,6.066367068,0,0,28.10146571,32.93694444,0,12.81621378,81.98623468,-0.38069525,-0.605297517,7.782125351,-15.03488257,0.953314705,1.379375707,0.464285714,43,8,15,0,2,2,0,2,1,3,10,0,15,8,15,3,7,0,2,2,0,0,8.802414413,5,-1.0897,143.4184,0,6,6,0,0,0,0,2,0,0,0,0,0,0,0,0,0,0,0,0,0,0,0,0,0,0,0,0,0,0,0,0,0,0,2,0,1,0,0,0,0,5,0,0,0,0,0,0,0,0,0,0,0,0,0,1,0,0,0,0,0,0,0,0,0,2,2,0,0,0,0,0,0,0,0,0,0,0,0,0,0,0,0,0,0
108,109,Hesperidina,"(2S)-5-hidroxi-2-(3-hidroxi-4-metoxifenil)-7-[(2S,3R,4S,5S,6R)-3,4,5-trihidroxi-6-[[(2R,3R,4R,5R,6S)-3,4,5-trihidroxi-6-metiloxan-2-il]oximetil]oxan-2-il]oxi-2,3-dihidrocromen-4-ona",C28H34O15,COc1ccc([C@@H]2CC(=O)c3c(O)cc(O[C@@H]4O[C@H](CO[C@@H]5O[C@@H](C)[C@H](O)[C@@H](O)[C@H]5O)[C@@H](O)[C@H](O)[C@H]4O)cc3O2)cc1O,24,12.89260267,12.89260267,0.045718968,-1.771235463,0.18471661,36,610.565,576.293,610.1897704,236,0,0.228727824,-0.50690696,0.50690696,0.228727824,0.837209302,1.534883721,2.23255814,16.7306021,9.949220813,2.472153367,-2.42029908,2.432403344,-2.612606931,6.023320368,-0.31825415,2.970966657,1.303996578,1319.303868,31.16204327,23.08726467,23.08726467,20.38715691,13.50521921,13.50521921,10.62787112,10.62787112,7.702311237,7.702311237,5.202472917,5.202472917,-3.25,2630332649,31.18346939,12.39375991,6.083570666,244.5067412,69.27339688,71.64371809,23.57229534,6.290026729,0,0,4.794537184,0,0,0,6.066367068,24.61992283,12.13273414,26.24146752,74.06793407,5.783244946,0,0,0,80.86030977,13.71667951,41.45873833,0,28.74755917,14.21058886,0,28.74755917,0,121.7639282,14.21058886,0,35.36996538,30.33183534,0,0,0,234.29,85.65538969,45.64675634,0,34.98232045,5.563451492,6.066367068,32.23263595,6.066367068,0,0,28.42117772,33.13689164,0,12.89260267,82.24882852,0.373459863,-0.998558346,6.897092846,-15.908523,0.964214877,1.393990928,0.535714286,43,8,15,0,3,3,0,2,0,2,11,0,15,8,15,3,7,0,2,2,0,0,8.987917038,5,-1.1566,140.6989,0,6,6,0,0,0,0,2,0,0,1,1,0,0,0,0,0,0,0,0,0,0,0,0,0,0,0,0,0,0,0,0,0,0,2,0,1,0,0,0,0,6,0,0,0,0,0,0,0,0,0,1,1,0,0,1,0,0,0,0,0,0,0,0,0,2,2,0,0,0,0,0,0,0,0,0,0,0,0,0,0,0,0,0,0
109,110,Cirsimaritina,"5-hidroxi-2-(4-hidroxifenil)-6,7-dimetoxicromen-4-ona",C17H14O6,COc1cc2oc(-c3ccc(O)cc3)cc(=O)c2c(O)c1OC,24,12.36265133,12.36265133,0.018683652,-0.409464758,0.772459795,10.69565217,314.293,300.181,314.0790382,118,0,0.203611196,-0.507966213,0.507966213,0.203611196,1,1.695652174,2.304347826,16.51393723,10.09996283,2.188516952,-2.114115554,2.415157197,-2.024220732,5.891724789,0.334282752,2.54138009,2.297331161,924.4518366,16.56011345,12.49152197,12.49152197,11.04524386,6.760398646,6.760398646,4.855593545,4.855593545,3.488621467,3.488621467,2.378327329,2.378327329,-3.15,176188.7989,14.77339594,5.565664811,2.438327151,130.681943,24.10393163,22.47900361,16.92781406,5.749511833,0,0,4.794537184,0,0,0,0,24.26546827,17.69618563,14.21959508,24.10393163,10.96924436,0,0,0,0,14.21959508,46.62152999,0,34.32174624,14.9025163,0,22.99804733,0,24.43264987,0,0,0,45.60989053,0,22.29294327,0,89.13,5.428790392,15.00759197,0,33.96729169,11.32369891,0,38.48506336,12.13273414,0,0,13.89087684,15.935237,0,12.36265133,19.59722423,0.388497916,0.426946042,8.996886915,0,0,2.792556567,0.117647059,23,2,6,0,0,0,0,2,1,3,0,0,6,2,6,1,3,0,0,0,0,0,3.574946519,3,2.8884,84.3536,0,0,0,0,0,0,0,2,0,0,0,0,0,0,0,0,0,0,0,0,0,0,0,0,0,0,0,0,0,0,0,0,0,0,2,0,1,0,0,0,0,2,0,0,0,0,0,0,0,0,0,0,0,0,0,2,0,0,0,0,0,0,0,0,0,2,2,0,0,0,0,0,0,0,0,0,0,0,0,0,0,0,0,0,0
110,111,Hispidulina,"5,7-dihidroxi-2-(4-hidroxifenil)-6-metoxicromen-4-ona",C16H12O6,COC1=C(O)C2=C(OC(=CC2=O)C2=CC=C(O)C=C2)C=C1O,24,12.23350592,12.23350592,0.033680556,-0.472106481,0.672310813,10.77272727,300.266,288.17,300.0633881,112,0,0.203372442,-0.507966213,0.507966213,0.203372442,1.045454545,1.727272727,2.363636364,16.48328005,10.10056799,2.179163195,-2.090774035,2.40864911,-2.014394517,5.890034368,0.346164613,2.4704379,2.294585319,908.5527286,15.85300667,11.53048727,11.53048727,10.50723905,6.371633008,6.371633008,4.672459041,4.672459041,3.283179964,3.283179964,2.240402631,2.240402631,-3.15,100783.9846,13.81578852,4.995962358,2.104425441,123.9976894,24.47359608,22.47900361,16.92781406,5.749511833,0,0,4.794537184,0,0,0,0,24.26546827,17.69618563,7.109797541,24.47359608,10.96924436,0,0,0,0,7.109797541,46.62152999,0,34.32174624,10.16565335,0,22.99804733,0,22.42937973,0,0,0,45.60989053,0,22.29294327,0,100.13,11.17830223,20.11411937,0,33.97802727,5.563451492,0,31.37526582,12.13273414,0,0,9.154013891,10.43108193,0,12.23350592,29.04494207,0.137127451,-0.645764935,8.528235334,0,0,1.27087223,0.0625,22,3,6,0,0,0,0,2,1,3,0,0,6,3,6,1,2,0,0,0,0,0,3.137416336,3,2.5854,79.4664,0,0,0,0,0,0,0,3,0,0,0,0,0,0,0,0,0,0,0,0,0,0,0,0,0,0,0,0,0,0,0,0,0,0,2,0,1,0,0,0,0,1,0,0,0,0,0,0,0,0,0,0,0,0,0,1,0,0,0,0,0,0,0,0,0,3,3,0,0,0,0,0,0,0,0,0,0,0,0,0,0,0,0,0,0
111,112,Verbenona,"(1R,5R)-4,6,6-trimetilbiciclo[3.1.1]hept-3-en-2-ona", C10H14O,CC1=CC(=O)[C@@H]2C[C@H]1C2(C)C,24,11.38164352,11.38164352,0.259837963,0.259837963,0.516955953,39.54545455,150.221,136.109,150.1044651,60,0,0.158791426,-0.294526413,0.294526413,0.158791426,1.454545455,2.090909091,2.454545455,16.13868852,9.485275293,2.535133785,-2.541870174,2.570562213,-2.51449339,5.953867277,-0.133390304,1.836806126,2.415925009,247.598392,8.223614639,7.347405879,7.347405879,5.031710636,4.252671534,4.252671534,4.452964611,4.452964611,3.530639635,3.530639635,2.606611802,2.606611802,-0.59,258.9896637,7.080414577,1.766568752,0.687714163,67.48398682,0,0,5.783244946,0,0,0,4.794537184,0,0,0,19.42057893,30.75347545,5.917906046,0,4.794537184,5.783244946,0,0,17.25080256,27.19203322,0,11.64912464,0,0,0,0,0,0,5.783244946,4.794537184,17.25080256,27.19203322,11.64912464,0,0,0,17.07,0,4.794537184,0,5.414990469,17.61905704,6.420821623,5.57310453,0,6.076020107,20.7712116,0,0,0,11.38164352,0,1.553819444,1.371666667,0,2.942708333,6.500162037,0,0.7,11,0,1,3,0,3,0,0,0,0,2,2,1,0,1,0,0,1,0,1,0,0,1.137094468,3,2.1777,44.142,0,0,0,0,0,0,0,0,0,0,1,1,0,0,0,0,0,0,0,0,0,0,0,0,0,0,2,0,0,0,0,0,0,0,0,0,1,0,0,0,0,0,0,0,0,0,0,0,0,0,0,1,0,0,0,0,0,0,0,0,0,0,0,0,0,0,0,0,0,0,0,0,0,0,0,0,0,0,0,0,0,0,0,0,0
112,113,Ácido Carnósico,"ácido (4aR,10aS)-5,6-dihidroxi-1,1-dimetil-7-propan-2-il-2,3,4,9,10,10a-hexahidrofenantreno-4a-carboxílico",C20H28O4,[H][C@@]12CCc3cc(C(C)C)c(O)c(O)c3[C@@]1(C(=O)O)CCCC2(C)C,24,12.45064831,12.45064831,0.02875,-1.090866875,0.705017824,28.29166667,332.44,304.216,332.1987594,132,0,0.314081657,-0.504054927,0.504054927,0.314081657,1.208333333,1.875,2.458333333,16.36891998,9.490488181,2.582669219,-2.53066862,2.602615813,-2.539431563,5.852441423,-0.15244779,2.486267445,2.306026088,689.369531,17.86144284,15.01747379,15.01747379,11.12556876,8.941929212,8.941929212,8.561732724,8.561732724,6.467910737,6.467910737,5.307955458,5.307955458,-1.71,171070.1178,17.12404505,5.399396501,2.147749377,143.0731538,15.31958218,0,11.49902367,0,0,5.969305288,4.794537184,0,0,0,40.18213749,48.49754055,11.12690298,5.414990469,20.11411937,5.969305288,0,0,11.33289652,71.13195343,0,22.75672154,0,11.49902367,0,0,11.49902367,0,21.28888747,16.63034928,11.33289652,75.98649581,6.066367068,0,0,0,77.76,11.38429576,20.11411937,0,28.74982623,17.54772461,31.24673798,0,0,19.91384147,13.8474744,0,0,0,12.45064831,31.48487961,0.880614253,-1.176782526,1.914255008,3.91443581,8.198616203,0,0.65,24,3,4,2,0,2,0,1,0,1,2,0,3,3,4,0,2,1,0,1,0,0,3.852479539,3,4.3161,92.6174,1,0,0,0,0,0,0,2,1,1,1,0,0,0,0,0,0,0,0,0,0,0,0,0,0,0,0,0,0,0,1,0,0,0,1,0,3,0,0,0,0,0,0,0,0,0,0,0,0,0,0,0,0,0,0,0,0,0,0,0,0,0,0,0,0,2,2,0,0,0,0,0,0,0,0,0,0,0,0,0,0,0,0,0,0
113,114,Carnosol,"(1R,8S,10S)-3,4-dihidroxi-11,11-dimetil-5-propan-2-il-16-oxatetraciclo[6.6.2.01,10.02,7]hexadeca-2,4,6-trien-15-ona",C20H26O4,[H][C@@]12C[C@@H]3OC(=O)[C@@]1(CCCC2(C)C)c1c3cc(C(C)C)c(O)c1O,24,12.92981497,12.92981497,0.020246481,-0.80267243,0.595385035,33.125,330.424,304.216,330.1831093,130,0,0.317139889,-0.504054901,0.504054901,0.317139889,1.208333333,1.916666667,2.583333333,16.54857888,9.474070657,2.645354567,-2.584106291,2.658954333,-2.593137902,5.893897695,-0.185142966,2.49658375,2.023716208,733.6446635,17.43879311,14.84875197,14.84875197,11.19804841,9.001518854,9.001518854,8.777661229,8.777661229,6.742965193,6.742965193,5.553945549,5.553945549,-1.71,241294.8194,15.79660406,4.676969997,1.718108017,142.3866341,14.94991774,11.51895686,11.49902367,0,0,5.969305288,4.794537184,0,0,0,34.11577042,42.5796345,16.69035448,0,19.74445493,5.969305288,0,0,11.33289652,70.81509819,0,22.75672154,0,11.49902367,0,0,11.49902367,0,16.18236008,14.94639061,11.33289652,82.0904622,6.066367068,0,0,0,66.76,5.414990469,15.00759197,0,40.8230979,11.98427311,30.38936785,0,0,19.91384147,13.8474744,4.736862954,5.763213341,0,12.92981497,21.41240292,1.490808886,-0.140717711,1.950134637,3.196704328,8.397638626,0,0.65,24,2,4,2,2,4,0,1,0,1,3,2,4,2,4,2,1,1,1,2,1,0,3.078343468,5,4.2869,90.1106,0,0,0,0,0,0,0,2,0,0,1,1,0,0,0,0,0,0,0,0,0,0,0,0,0,0,0,0,0,0,0,0,0,0,1,0,1,0,0,0,1,1,0,0,0,0,0,0,0,0,0,0,0,0,0,0,0,0,0,0,0,0,0,0,0,2,2,0,0,0,0,0,0,0,0,0,0,0,0,0,0,0,0,0,0
114,115,_-cariofileno,"(1R,4Z,9S)-4,11,11-trimetil-8-metilidenobiciclo[7.2.0]undec-4-eno", C15H24,[H][C@]12CC(C)(C)[C@]1([H])CC\C(C)=C/CCC2=C,24;28;31;41,4.301519274,4.301519274,0.567685185,0.567685185,0.500562043,38.86666667,204.357,180.165,204.1878008,84,0,-0.016706034,-0.099559094,0.099559094,0.016706034,1.333333333,2.066666667,2.733333333,14.51394603,9.520157743,2.467345626,-2.526257126,2.560105564,-2.44014186,5.157541563,0.00384386,2.179189497,2.119623126,293.1601712,11.05204176,10.47469149,10.47469149,7.004837183,6.338317171,6.338317171,6.191766861,6.191766861,4.567793078,4.567793078,3.43993562,3.43993562,-0.52,1956.912168,10.98010349,3.808227438,2.044178,94.45757226,0,0,0,0,0,0,0,0,0,0,37.64863925,56.27864788,0,0,0,0,0,0,17.25080256,52.87531971,0,23.80116485,0,0,0,0,0,0,0,0,17.25080256,52.87531971,23.80116485,0,0,0,0,0,0,0,0,5.414990469,11.83581209,37.67721264,5.57310453,0,33.42616739,0,0,0,0,0,3.675486111,1.727546296,0,8.90107757,11.44589002,0,0.733333333,15,0,0,2,0,2,0,0,0,0,2,0,0,0,0,0,0,1,0,1,0,0,2.787648759,2,4.7252,66.743,0,0,0,0,0,0,0,0,0,0,0,0,0,0,0,0,0,0,0,0,0,0,0,0,0,0,3,0,0,0,0,0,0,0,0,0,1,0,0,0,0,0,0,0,0,0,0,0,0,0,0,0,0,0,0,0,0,0,0,0,0,0,0,0,0,0,0,0,0,0,0,0,0,0,0,0,0,0,0,0,0,0,0,0,0
115,116,Humuleno,"(1E,4E,8E)-2,6,6,9-tetrametilcicloundeca-1,4,8-trieno",C15H24,C/C1=C\CC/C(C)=C/CC(C)(C)/C=C/C1,24,2.40162037,2.40162037,0.311388889,0.311388889,0.485102925,31.73333333,204.357,180.165,204.1878008,84,0,-0.014016826,-0.08498014,0.08498014,0.014016826,1.066666667,1.8,2.533333333,14.16483113,9.873635415,2.112923149,-2.177669005,2.253024508,-2.050045204,5.115295608,0.485568519,2.154176866,2.790625891,287.1601712,11.31155479,10.6378282,10.6378282,6.994800481,5.98476378,5.98476378,5.438827179,5.438827179,3.01695962,3.01695962,1.800810349,1.800810349,-0.78,1710.416432,12.29032349,5.344008008,5.01326225,94.77380038,0,0,0,0,0,0,0,0,0,0,49.29776389,44.94575136,0,0,0,0,0,0,5.414990469,53.37823529,0,35.45028949,0,0,0,0,0,0,0,0,5.414990469,53.37823529,35.45028949,0,0,0,0,0,0,0,0,5.414990469,12.84164325,23.98785231,0,0,51.99902923,0,0,0,0,0,3.338402778,0,0,14.14416053,9.10077003,0,0.6,15,0,0,1,0,1,0,0,0,0,0,0,0,0,0,0,0,0,0,0,0,0,4.378639143,1,5.0354,68.903,0,0,0,0,0,0,0,0,0,0,0,0,0,0,0,0,0,0,0,0,0,0,0,0,0,0,6,0,0,0,0,0,0,0,0,0,0,0,0,0,0,0,0,0,0,0,0,0,0,0,0,0,0,0,0,0,0,0,0,0,0,0,0,0,0,0,0,0,0,0,0,0,0,0,0,0,0,0,0,0,0,0,0,0,0
116,117,Boldina,"(6aS)-1,10-dimetoxi-6-metil-5,6,6a,7-tetrahidro-4H-dibenzo[de,g]quinolina-2,9-diol",C19H21NO4,COc1cc2c(cc1O)C[C@H]1c3c(cc(O)c(OC)c3-2)CCN1C,25;37,10.44214467,10.44214467,0.136579507,0.136579507,0.887981803,18.70833333,327.38,306.212,327.1470582,126,0,0.168152076,-0.504247504,0.504247504,0.168152076,1.041666667,1.791666667,2.5,16.47779346,9.761921255,2.360689951,-2.400577562,2.530082182,-2.352407411,5.844030786,0.226287198,2.567711431,2.077978255,830.8469926,17.00770721,14.08885879,14.08885879,11.54524386,8.079679732,8.079679732,6.508473375,6.508473375,5.276495368,5.276495368,4.096739001,4.096739001,-2.4,358172.6352,15.14669839,5.311347956,1.974634533,140.6068215,19.6867807,0,22.99804733,0,0,0,4.899909731,0,0,0,0,60.3422224,18.15004873,14.21959508,19.6867807,0,0,4.899909731,0,18.88348408,27.81202347,34.88945568,0,34.12495032,9.473725908,0,22.99804733,0,42.92498799,12.84164325,0,22.7321953,18.19910121,0,11.12690298,0,62.16,0,10.21305479,0,17.5408645,11.49902367,36.07675413,18.23670052,13.17616461,12.13273414,11.94758171,9.473725908,10.82394826,0,2.325933248,20.61193665,5.306421013,1.213151455,5.661433847,1.717020424,0.944787336,5.228701105,0.368421053,24,2,5,1,1,2,0,2,0,2,1,0,5,2,5,1,2,0,0,0,0,0,3.352057731,4,2.8671,91.0906,0,0,0,0,0,0,0,2,0,0,0,0,0,0,0,1,0,0,0,1,0,0,0,0,0,0,0,0,0,0,0,0,0,0,2,0,2,0,0,0,0,2,0,0,0,0,0,0,0,0,0,0,0,0,0,2,0,0,0,0,0,0,0,0,0,2,2,0,0,0,0,0,0,0,0,0,0,0,0,0,0,0,0,0,0
117,118,Ramnetina,"2-(3,4-dihidroxifenil)-3,5-dihidroxi-7-metoxicromen-4-ona",C16H12O7,COc1cc(O)c2c(c1)oc(-c1ccc(O)c(O)c1)c(O)c2=O,25;37,12.27201972,12.27201972,0.006680367,-0.825029762,0.535213435,10.82608696,316.265,304.169,316.0583027,118,0,0.238288584,-0.506890475,0.506890475,0.238288584,0.956521739,1.695652174,2.347826087,16.46670004,10.08624459,2.191610213,-2.088854555,2.372188978,-2.029313824,5.878624762,0.402824619,2.524920755,2.355955517,972.3051866,16.72325016,11.9003506,11.9003506,10.91792266,6.511906472,6.511906472,4.832070073,4.832070073,3.397409572,3.397409572,2.242877366,2.242877366,-3.35,153222.2911,14.58157465,5.130953969,2.277096847,128.7919231,29.58012347,22.46826802,17.25927109,11.17830223,0,0,4.794537184,0,0,0,0,18.19910121,17.69618563,7.109797541,29.58012347,10.96924436,0,0,0,0,7.109797541,40.55516292,0,40.07125808,10.16565335,0,28.74755917,0,27.53590712,0,0,0,39.54352346,0,22.29294327,0,120.36,16.92781406,25.22064676,0,39.54147877,0,6.066367068,31.37526582,0,0,0,9.154013891,10.49096234,0,12.27201972,38.67476651,-0.638618197,-1.824832275,6.305416471,0,0,1.386952103,0.0625,23,4,7,0,0,0,0,2,1,3,0,0,7,4,7,1,2,0,0,0,0,0,3.252929927,3,2.291,81.1312,0,0,0,0,0,0,0,4,0,0,0,0,0,0,0,0,0,0,0,0,0,0,0,0,0,0,0,0,0,0,0,0,0,0,2,0,1,0,0,0,0,1,0,0,0,0,0,0,0,0,0,0,0,0,0,1,0,0,0,0,0,0,0,0,0,3,3,0,0,0,0,0,0,0,0,0,0,0,0,0,0,0,0,0,0
118,119,Isorhamnetol,"3,5,7-trihidroxi-2-(4-hidroxi-3-metoxifenil)cromen-4-ona",C16H12O7,COc1cc(ccc1O)-c1oc2cc(O)cc(O)c2c(=O)c1O,25;37,12.2436652,12.2436652,0.090424225,-0.84185941,0.572139085,10.82608696,316.265,304.169,316.0583027,118,0,0.238288582,-0.507678166,0.507678166,0.238288582,1,1.739130435,2.434782609,16.47431613,10.08583,2.191324627,-2.091341933,2.373878239,-2.026230666,5.877777797,0.373161343,2.504466314,2.346651189,972.3051866,16.72325016,11.9003506,11.9003506,10.91792266,6.511906472,6.511906472,4.833577061,4.833577061,3.377264061,3.377264061,2.289650026,2.289650026,-3.35,149253.67,14.58157465,5.130953969,2.277096847,128.7919231,29.58012347,22.46826802,17.25927109,11.17830223,0,0,4.794537184,0,0,0,0,18.19910121,17.69618563,7.109797541,29.58012347,10.96924436,0,0,0,0,7.109797541,40.55516292,0,40.07125808,10.16565335,0,28.74755917,0,27.53590712,0,0,0,39.54352346,0,22.29294327,0,120.36,16.92781406,25.22064676,0,39.54147877,0,12.13273414,25.30889875,0,0,0,9.154013891,10.42481468,0,12.2436652,38.72275488,-0.655447846,-1.660590147,6.238961995,0,0,1.352507901,0.0625,23,4,7,0,0,0,0,2,1,3,0,0,7,4,7,1,2,0,0,0,0,0,3.252929927,3,2.291,81.1312,0,0,0,0,0,0,0,4,0,0,0,0,0,0,0,0,0,0,0,0,0,0,0,0,0,0,0,0,0,0,0,0,0,0,2,0,1,0,0,0,0,1,0,0,0,0,0,0,0,0,0,0,0,0,0,1,0,0,0,0,0,0,0,0,0,3,3,0,0,0,0,0,0,0,0,0,0,0,0,0,0,0,0,0,0
119,120,Alicina,3-prop-2-enilsulfinilsulfanilprop-1-eno,C6H10OS2,C=CCSS(=O)CC=C,26,10.75699074,10.75699074,0.567962963,-0.792561728,0.452388999,12.44444444,162.279,152.199,162.0173069,52,0,0.084482449,-0.247624954,0.247624954,0.084482449,1.444444444,2.111111111,2.555555556,33.12931195,10.76988127,1.918631594,-1.906977969,2.060795433,-1.863836547,8.687868216,0.693051449,1.845723769,3.257569088,120.2262679,7.112884175,5.207872535,6.840865696,4.308060412,2.543676764,5.365043969,1.332278375,4.664596439,0.571272261,3.3189885,0.26834039,2.126388375,-0.02,90.44046466,8.98,6.105313283,5.857258807,62.08208185,0,0,0,0,0,0,0,4.208898492,0,13.15787137,22.94593819,0,5.752853607,15.58443568,4.208898492,20.62548005,0,0,0,0,11.50570721,25.30991158,0,0,0,0,0,10.79389798,15.71460571,9.83158207,0,0,25.30991158,0,0,0,17.07,9.83158207,4.208898492,0,0,5.752853607,5.752853607,10.79389798,12.15204021,0,13.15787137,0,10.75699074,0,0,0,0,1.318410494,0,3.400649723,6.988177438,0.59132716,0.333333333,9,0,1,0,0,0,0,0,0,0,1,0,2,0,3,0,5,0,0,0,0,1,6.09174592,0,1.7553,45.8614,0,0,0,0,0,0,0,0,0,0,0,0,0,0,0,0,0,0,0,0,0,0,0,0,0,0,0,0,0,0,0,0,0,0,0,0,0,0,0,0,0,0,0,0,0,0,0,0,0,0,0,0,0,0,0,0,0,0,0,0,0,0,0,0,0,0,0,0,0,0,0,0,0,0,0,0,0,0,0,0,0,0,0,0,0
120,121,Dialiltrisulfano,3-(prop-2-eniltrisulfanil)prop-1-eno,C6H10S3,C=CCSSSCC=C,27,3.614894652,3.614894652,1.022628496,1.022628496,0.34751236,8.888888889,178.347,168.267,177.9944633,52,0,0.022295816,-0.102225282,0.102225282,0.022295816,1,1.444444444,1.777777778,33.5053495,10.77072127,1.835118785,-1.911289675,2.334312765,-1.607796596,9.089857317,1.840720136,1.885234836,2.736022877,70.37215812,6.949747468,5.207872535,7.657362277,4.414213562,2.543676764,6.365043969,1.214427245,5.53578792,0.468010069,4.529927864,0.185801291,3.284584057,0.53,103.687916,9.53,8.53,8.53,68.35400978,0,0,0,0,0,0,0,0,0,13.15787137,33.73983617,9.825911003,11.50570721,0,0,31.41370696,0,0,0,0,11.50570721,25.30991158,0,0,0,0,0,31.41370696,11.50570721,0,0,0,25.30991158,0,0,0,0,0,0,0,0,0,11.50570721,0,31.41370696,12.15204021,13.15787137,0,0,0,0,0,0,2.045256992,0,3.817731481,7.229789305,5.407222222,0.333333333,9,0,0,0,0,0,0,0,0,0,0,0,3,0,3,0,6,0,0,0,0,0,9.032322222,0,3.388,52.901,0,0,0,0,0,0,0,0,0,0,0,0,0,0,0,0,0,0,0,0,0,0,0,0,0,0,0,0,0,0,0,0,0,0,0,0,0,0,0,0,0,0,0,0,0,0,0,0,0,0,0,0,0,0,0,0,0,0,0,0,0,0,0,0,0,0,0,0,0,0,0,0,0,0,0,0,0,0,0,0,0,0,0,0,0
121,122,Disulfuro de dialilo,3-(prop-2-enildisulfanil)prop-1-eno,C6H10S2,C=CCSSCC=C,27,3.59832483,3.59832483,1.026296296,1.026296296,0.332147438,8.5,146.28,136.2,146.0223923,46,0,0.021485141,-0.102225743,0.102225743,0.021485141,1,1.375,1.625,33.11459931,10.76992226,1.790273861,-1.88648435,2.195032002,-1.638788847,8.763468544,1.825220383,1.808812125,2.707948812,58.92878689,6.242640687,4.799624244,6.432617406,3.914213562,2.377010098,4.865043969,1.146385863,3.698670613,0.455118357,2.681851653,0.19245009,1.732050808,0.18,61.49961227,8.18,7.18,6.18,58.83093767,0,0,0,0,0,0,0,0,0,13.15787137,33.73983617,0,11.50570721,0,0,21.58779595,0,0,0,0,11.50570721,25.30991158,0,0,0,0,0,21.58779595,11.50570721,0,0,0,25.30991158,0,0,0,0,0,0,0,0,0,11.50570721,0,21.58779595,12.15204021,13.15787137,0,0,0,0,0,0,2.052592593,0,3.807054044,7.19664966,3.61037037,0.333333333,8,0,0,0,0,0,0,0,0,0,0,0,2,0,2,0,5,0,0,0,0,0,7.34155,0,2.7398,45.31,0,0,0,0,0,0,0,0,0,0,0,0,0,0,0,0,0,0,0,0,0,0,0,0,0,0,0,0,0,0,0,0,0,0,0,0,0,0,0,0,0,0,0,0,0,0,0,0,0,0,0,0,0,0,0,0,0,0,0,0,0,0,0,0,0,0,0,0,0,0,0,0,0,0,0,0,0,0,0,0,0,0,0,0,0
122,123,Ajoene,(E)-1-(prop-2-enildisulfanil)-3-prop-2-enilsulfinilprop-1-eno,C9H14OS3,C=CCSS/C=C/C[S+]([O-])CC=C,27,11.08829326,11.08829326,0.578181847,-0.774862178,0.279014601,13,234.411,220.299,234.0206781,74,0,0.124427493,-0.615854113,0.615854113,0.124427493,1.230769231,2,2.615384615,33.11457524,10.74987029,1.967112516,-2.034943567,2.213590405,-2.061592195,8.774290826,0.6005742,2.114448672,3.286139936,168.2427493,9.9413113,7.477928145,9.927417887,6.308060412,3.809635783,7.679757778,2.103037874,5.967465612,0.991575693,4.124556993,0.512059692,2.767663252,0.23,708.340305,13.23,10.31176615,10.14888221,91.330552,4.552749874,11.50570721,0,0,0,0,0,0,0,6.578935684,34.24275174,28.73594678,5.752853607,0,4.552749874,32.76365043,0,0,0,0,17.25856082,36.79398378,0,0,0,0,0,21.58779595,21.81131069,11.17585447,0,0,36.79398378,0,0,0,23.06,11.17585447,4.552749874,0,0,11.50570721,5.752853607,0,27.66381606,17.5600923,13.15787137,0,11.08829326,-0.774862178,0,1.967415911,0,2.132172934,0,5.47747468,7.144946418,3.353447867,0.333333333,13,0,1,0,0,0,0,0,0,0,1,0,3,0,4,0,8,0,0,0,0,1,10.49420509,0,3.0022,67.4594,0,0,0,0,0,0,0,0,0,0,0,0,0,0,0,0,0,0,0,0,0,0,0,0,0,0,0,0,0,0,0,0,0,0,0,0,0,0,0,0,0,0,0,0,0,0,0,0,0,0,0,0,0,0,0,0,0,0,0,0,0,0,0,0,0,0,0,0,0,0,0,0,0,0,0,0,0,0,0,0,0,0,0,0,0
123,124,Anonaina (Annonaine),"(12R)-3,5-dioxa-11-azapentaciclo[10.7.1.02,6.08,20.014,19]icosa-1(20),2(6),7,14,16,18-hexaeno",C17H15NO2,[H][C@@]12Cc3ccccc3-c3c4c(cc(c31)CCN2)OCO4,28,5.775641534,5.775641534,0.338778581,0.338778581,0.794236463,21.3,265.312,250.192,265.1102787,100,0,0.230835399,-0.453559224,0.453559224,0.230835399,1.1,2.05,3.05,16.69702121,9.772044888,2.344514967,-2.342864222,2.5145082,-2.33244348,5.833453302,0.173912428,2.948663372,1.898079429,723.1702104,13.10408353,11.10902532,11.10902532,9.915816238,7.186557829,7.186557829,5.676133493,5.676133493,4.633436519,4.633436519,3.801725607,3.801725607,-2,128101.7316,10.74793388,3.764705882,1.281594874,117.0726671,14.79051451,0,11.49902367,6.792942306,0,0,0,0,0,0,24.26546827,47.70657269,11.60529232,0,9.473725908,0,0,5.316788604,0,18.88348408,13.33769871,47.02218982,0,22.62592665,14.79051451,0,11.49902367,0,13.33769871,12.84164325,0,22.7321953,30.33183534,0,11.12690298,0,30.49,0,0,0,0,12.83478314,30.88542332,27.81725746,0,0,35.64862395,9.473725908,11.41439838,0,0,3.652750378,6.815789872,1.847873205,11.25741875,2.132398195,1.379371221,0,0.294117647,20,1,3,1,2,3,0,2,0,2,1,0,3,1,3,2,0,0,0,0,0,0,2.023140496,5,2.8252,76.1527,0,0,0,0,0,0,0,0,0,0,0,0,0,0,0,0,1,0,0,0,0,0,0,0,0,0,0,0,0,0,0,0,0,0,2,0,4,0,0,0,0,2,0,0,0,0,0,0,0,0,0,0,0,0,0,0,0,0,0,0,0,0,0,0,0,0,0,0,0,0,0,0,0,0,0,0,0,0,0,0,0,0,0,0,0
124,125,Asimilobina (Asimilobine),"(6aS)-1-metoxi-5,6,6a,7-tetrahidro-4H-dibenzo[de,g]quinolin-2-ol",C17H17NO2,COc1c(O)cc2c3c1-c1ccccc1C[C@@H]3NCC2,28,10.26898432,10.26898432,0.248706538,0.248706538,0.834521624,19.15,267.328,250.192,267.1259288,102,0,0.168149582,-0.504231965,0.504231965,0.168149582,1.25,2.1,2.95,16.47460568,9.771611903,2.324067139,-2.348929114,2.495522499,-2.333550816,5.828222337,0.370603048,2.470594597,2.100743862,693.6296265,13.68986997,11.44088384,11.44088384,9.792024998,7.036938503,7.036938503,5.494721015,5.494721015,4.43434155,4.43434155,3.617632518,3.617632518,-2,67793.11574,11.79591837,4.25,1.49937526,117.7591868,15.16017895,0,11.49902367,0,0,0,0,0,0,0,24.26546827,47.70657269,11.60529232,7.109797541,9.843390349,0,0,5.316788604,0,18.88348408,13.65455395,47.02218982,0,22.62592665,10.05365156,0,11.49902367,0,18.76108134,12.84164325,0,22.7321953,30.33183534,0,11.12690298,0,41.49,0,5.106527395,0,5.749511833,11.79135266,24.94985114,22.25380597,7.109797541,12.13273414,23.51588981,4.736862954,5.494391534,0,0,13.8605102,6.132780612,0.85018802,10.61240032,1.960969624,0.963335695,1.625423989,0.294117647,20,2,3,1,1,2,0,2,0,2,1,0,3,2,3,1,1,0,0,0,0,0,2.506632653,4,2.8107,78.2465,0,0,0,0,0,0,0,1,0,0,0,0,0,0,0,0,1,0,0,0,0,0,0,0,0,0,0,0,0,0,0,0,0,0,2,0,2,0,0,0,0,1,0,0,0,0,0,0,0,0,0,0,0,0,0,1,0,0,0,0,0,0,0,0,0,1,1,0,0,0,0,0,0,0,0,0,0,0,0,0,0,0,0,0,0
125,126,Reticulina (Reticuline),"(1S)-1-[(3-hidroxi-4-metoxifenil)metil]-6-metoxi-2-metil-3,4-dihidro-1H-isoquinolin-7-ol",C19H23NO4,COc1ccc(C[C@H]2c3cc(O)c(OC)cc3CCN2C)cc1O,28,10.14901139,10.14901139,0.137362056,0.137362056,0.903006971,17.375,329.396,306.212,329.1627082,128,0,0.160272588,-0.504248002,0.504248002,0.160272588,1.041666667,1.75,2.416666667,16.47700896,9.88259234,2.265284532,-2.348508249,2.386395681,-2.330015472,5.491982992,0.227655273,2.572013164,1.936602724,744.3869137,17.26722023,14.24355933,14.24355933,11.5284071,7.990363334,7.990363334,6.179601415,6.179601415,4.737922843,4.737922843,3.358503582,3.358503582,-2.4,283240.3777,16.45751221,6.610391259,2.992733564,141.6126526,19.6867807,0,22.99804733,0,0,0,4.899909731,0,0,0,6.066367068,60.84513798,12.58659724,14.21959508,19.6867807,0,0,4.899909731,0,18.88348408,27.81202347,47.02218982,0,22.99804733,9.473725908,0,22.99804733,0,42.92498799,12.84164325,0,22.7321953,30.33183534,0,0,0,62.16,0,10.21305479,0,17.5408645,11.49902367,30.51330264,12.67324903,25.30889875,12.13273414,11.94758171,9.473725908,10.32331467,0,2.273342545,20.14828096,3.329767889,1.289876786,9.347995113,1.666328343,0.938227198,5.1828665,0.368421053,24,2,5,0,1,1,0,2,0,2,1,0,5,2,5,1,4,0,0,0,0,0,4.532941452,3,2.8867,92.0966,0,0,0,0,0,0,0,2,0,0,0,0,0,0,0,1,0,0,0,1,0,0,0,0,0,0,0,0,0,0,0,0,0,0,2,0,1,0,0,0,0,2,0,0,0,0,0,0,0,0,0,0,0,0,0,2,0,0,0,0,0,0,0,0,0,2,2,0,0,0,0,0,0,0,0,0,0,0,0,0,0,0,0,0,0
126,127,D-Limonene,(4R)-1-metil-4-prop-1-en-2-ilciclohexeno,C10H16,CC(=C)[C@@H]1CCC(C)=CC1,28,3.97457483,3.97457483,0.767314815,0.767314815,0.485034492,25.8,136.238,120.11,136.1252005,56,0,-0.017096319,-0.099849371,0.099849371,0.017096319,1.7,2.4,2.8,14.16772644,9.860904676,2.112764569,-2.194708039,2.268533557,-2.043086249,5.092421184,0.540328057,1.884505361,2.495412227,162.8771238,7.560477932,6.983127663,6.983127663,4.698377303,4.009201922,4.009201922,3.368130306,3.368130306,2.334890912,2.334890912,1.412842425,1.412842425,-0.52,180.9125147,7.585485232,3.046280408,1.728509717,63.63869284,0,0,0,0,0,0,0,0,0,0,23.80116485,39.02784531,0,0,0,0,0,0,5.917906046,33.10993927,0,23.80116485,0,0,0,0,0,0,0,0,5.917906046,33.10993927,23.80116485,0,0,0,0,0,0,0,0,0,5.917906046,24.8355694,5.57310453,0,26.50243019,0,0,0,0,0,2.903935185,0.767314815,0,6.16587963,8.329537037,0,0.6,10,0,0,1,0,1,0,0,0,0,1,0,0,0,0,0,1,0,0,0,0,0,2.310751504,1,3.3089,45.912,0,0,0,0,0,0,0,0,0,0,0,0,0,0,0,0,0,0,0,0,0,0,0,0,0,0,3,0,0,0,0,0,0,0,0,0,0,0,0,0,0,0,0,0,0,0,0,0,0,0,0,0,0,0,0,0,0,0,0,0,0,0,0,0,0,0,0,0,0,0,0,0,0,0,0,0,0,0,0,0,0,0,0,0,0
127,128,_-Cadinene,"(1S,4aR,8aR)-7-metil-4-metilideno-1-propan-2-il-2,3,4a,5,6,8a-hexahidro-1H-naftaleno",C15H24,CC1=C[C@@H]2C(=C(C)CC[C@H]2C(C)C)CC1,28,2.561666667,2.561666667,0.784722222,0.784722222,0.54184616,31.66666667,204.357,180.165,204.1878008,84,0,0.001282921,-0.078112172,0.078112172,0.001282921,1.133333333,1.866666667,2.533333333,14.36504104,9.66741526,2.315668508,-2.382449254,2.440823759,-2.268005243,5.295077779,0.277085326,2.168181951,2.32573796,304,10.99963552,10.6378282,10.6378282,7.092224153,6.45095927,6.45095927,5.790917935,5.790917935,4.373542222,4.373542222,3.340165181,3.340165181,-0.52,2599.65016,10.98010349,4.154573524,2.044178,94.45757226,0,0,0,0,0,0,0,0,0,0,36.6428081,51.36657298,5.917906046,0,0,0,0,0,17.75371814,53.37823529,0,22.7953337,0,0,0,0,0,0,0,0,17.75371814,53.37823529,22.7953337,0,0,0,0,0,0,0,0,0,17.75371814,25.68328649,16.71931359,0,33.77096891,0,0,0,0,0,5.09287037,2.520092593,0,7.949619237,9.4374178,0,0.733333333,15,0,0,2,0,2,0,0,0,0,2,0,0,0,0,0,1,0,0,0,0,0,3.041176484,2,4.7252,66.743,0,0,0,0,0,0,0,0,0,0,0,0,0,0,0,0,0,0,0,0,0,0,0,0,0,0,4,0,0,0,0,0,0,0,0,0,1,0,0,0,0,0,0,0,0,0,0,0,0,0,0,0,0,0,0,0,0,0,0,0,0,0,0,0,0,0,0,0,0,0,0,0,0,0,0,0,0,0,0,0,0,0,0,0,0
128,129,_-Muurolene," (1S,4aS,8aR)-4,7-dimetil-1-propan-2-il-1,2,4a,5,6,8a-hexahidronaftaleno",C15H24,[H][C@@]12C=C(C)CC[C@]1([H])C(C)=CC[C@H]2C(C)C,28,2.578703704,2.578703704,0.823148148,0.823148148,0.548341742,35.93333333,204.357,180.165,204.1878008,84,0,-0.013151214,-0.085000736,0.085000736,0.013151214,1.266666667,2,2.666666667,14.39209643,9.640205865,2.344832338,-2.40756711,2.445962911,-2.314286123,5.204297491,0.210115198,2.168181951,2.280525645,293.1601712,10.99963552,10.58542196,10.58542196,7.092224153,6.432357537,6.432357537,5.827252701,5.827252701,4.438814241,4.438814241,3.403956441,3.403956441,-0.52,2599.65016,10.98010349,4.154573524,2.044178,94.45757226,0,0,0,0,0,0,0,0,0,0,37.14572367,56.78156345,0,0,0,0,0,0,23.67162418,46.95741367,0,23.29824927,0,0,0,0,0,0,0,0,23.67162418,46.95741367,23.29824927,0,0,0,0,0,0,0,0,0,23.67162418,19.26246487,11.14620906,0,39.84698901,0,0,0,0,0,3.275231481,3.399583333,0,9.083156652,9.4086952,0,0.733333333,15,0,0,2,0,2,0,0,0,0,3,0,0,0,0,0,1,0,0,0,0,0,3.041176484,2,4.5811,66.673,0,0,0,0,0,0,0,0,0,0,0,0,0,0,0,0,0,0,0,0,0,0,0,0,0,0,4,0,0,0,0,0,0,0,0,0,1,0,0,0,0,0,0,0,0,0,0,0,0,0,0,0,0,0,0,0,0,0,0,0,0,0,0,0,0,0,0,0,0,0,0,0,0,0,0,0,0,0,0,0,0,0,0,0,0
129,130,_ -Guaieno,"(1S,4S)-1,4-dimetil-7-propan-2-ilideno-2,3,4,5,6,8-hexahidro-1H-azuleno",C15H24,C[C@H]1CCC(=C(C)C)CC2=C1CC[C@@H]2C,28,2.431851852,2.431851852,0.848888889,0.848888889,0.493793971,31.6,204.357,180.165,204.1878008,84,0,-0.010052793,-0.076907502,0.076907502,0.010052793,0.933333333,1.533333333,2.2,14.33174312,9.93507236,2.277176026,-2.121339939,2.437010873,-1.966011031,5.319885779,0.584733154,2.43464846,2.318495357,312.9300119,10.99963552,10.69023444,10.69023444,7.092224153,6.462760951,6.462760951,5.710252311,5.710252311,4.438940534,4.438940534,3.183964598,3.183964598,-0.52,2858.277292,10.98010349,4.154573524,2.044178,94.45757226,0,0,0,0,0,0,0,0,0,0,36.13989252,57.78739461,0,0,0,0,0,0,11.83581209,59.79905691,0,22.29241812,0,0,0,0,0,0,0,0,11.83581209,59.79905691,22.29241812,0,0,0,0,0,0,0,0,0,11.83581209,32.10410811,16.71931359,5.57310453,27.6949488,0,0,0,0,0,6.907962963,1.705277778,0,6.802794785,9.417297808,0,0.733333333,15,0,0,2,0,2,0,0,0,0,2,0,0,0,0,0,0,0,0,0,0,0,3.041176484,2,4.8693,66.813,0,0,0,0,0,0,0,0,0,0,0,0,0,0,0,0,0,0,0,0,0,0,0,0,0,0,4,0,0,0,0,0,0,0,0,0,0,0,0,0,0,0,0,0,0,0,0,0,0,0,0,0,0,0,0,0,0,0,0,0,0,0,0,0,0,0,0,0,0,0,0,0,0,0,0,0,0,0,0,0,0,0,0,0,0
130,131,Cadinol,"(1R,4S)-1,6-dimetil-4-propan-2-il-3,4,4a,7,8,8a-hexahidro-2H-naftalen-1-ol",C15H26O,CC1=CC2[C@@H](CC[C@@](C2CC1)(C)O)C(C)C,28,10.52619426,10.52619426,0.423356481,-0.423356481,0.669474918,44.125,222.372,196.164,222.1983655,92,0,0.065329684,-0.389870486,0.389870486,0.065329684,1.375,2.0625,2.6875,16.28367681,9.583470926,2.45511263,-2.490706234,2.490395999,-2.476171897,5.131690382,-0.080661668,2.156312183,2.273075406,287.8100768,11.92228525,11.16239207,11.16239207,7.415520785,6.812594301,6.812594301,6.53925729,6.53925729,4.92456939,4.92456939,3.865688613,3.865688613,-0.3,3391.879063,12.16469934,4.177266878,2.066486173,99.94140904,5.106527395,0,0,0,0,0,0,0,0,0,25.49659904,63.20238508,0,5.601050811,5.106527395,0,0,0,23.67162418,58.9792861,0,11.64912464,0,0,0,0,0,0,10.70757821,0,23.67162418,53.37823529,11.64912464,0,0,0,20.23,5.601050811,5.106527395,0,0,11.83581209,18.25663372,24.8355694,0,0,33.77096891,0,0,0,0,10.52619426,1.108680556,2.639884259,0,7.011239607,8.964001323,0,0.866666667,16,1,1,2,0,2,0,0,0,0,4,0,1,1,1,0,1,1,0,1,0,2,3.175949728,2,3.7759,68.1568,0,1,0,0,0,0,0,0,0,0,0,0,0,0,0,0,0,0,0,0,0,0,0,0,0,0,2,0,0,0,0,0,0,0,0,0,1,0,0,0,0,0,0,0,0,0,0,0,0,0,0,0,0,0,0,0,0,0,0,0,0,0,0,0,0,0,0,0,0,0,0,0,0,0,0,0,0,0,0,0,0,0,0,0,0
131,132,Narcisina (Narcissin),"5,7-dihidroxi-2-(4-hidroxi-3-metoxifenil)-3-[(2S,3R,4S,5S,6R)-3,4,5-trihidroxi-6-[[(2R,3R,4R,5R,6S)-3,4,5-trihidroxi-6-metiloxan-2-il]oximetil]oxan-2-il]oxicromen-4-ona",C28H32O16,COc1cc(-c2oc3cc(O)cc(O)c3c(=O)c2O[C@@H]2O[C@H](CO[C@@H]3O[C@@H](C)[C@H](O)[C@@H](O)[C@H]3O)[C@@H](O)[C@H](O)[C@H]2O)ccc1O,28,13.67077986,13.67077986,0.015060057,-1.944001875,0.146635275,32.45454545,624.548,592.292,624.1690349,240,0,0.238632695,-0.507678166,0.507678166,0.238632695,0.795454545,1.477272727,2.181818182,16.73170064,9.98361895,2.474883343,-2.419537702,2.394405165,-2.61394172,5.880104804,-0.318293929,2.984741003,1.489695245,1556.869918,32.03228676,23.25002121,23.25002121,20.81467726,13.39677108,13.39677108,10.46135051,10.46135051,7.495228191,7.495228191,4.992724728,4.992724728,-3.71,3937681675,31.70662122,12.35203564,5.74258933,247.5849159,74.06021226,65.19603274,23.54929781,17.46832895,0,0,4.794537184,0,0,0,0,25.12283841,17.69618563,19.82064589,74.06021226,10.96924436,0,0,0,68.33552176,13.71667951,40.55516292,0,40.07125808,14.9025163,0,28.74755917,0,121.0872106,14.21058886,0,6.9237372,39.54352346,0,22.29294327,0,258.43,96.08221663,50.75328374,0,28.40574272,0,12.13273414,32.23263595,0,0,0,28.10146571,33.19400558,0,13.67077986,92.05997116,-1.11377507,-2.278222546,5.833929419,-15.99463145,0.845333108,1.282609934,0.464285714,44,9,16,0,2,2,0,2,1,3,10,0,16,9,16,3,7,0,2,2,0,0,8.900938985,5,-1.3841,145.0832,0,6,6,0,0,0,0,3,0,0,0,0,0,0,0,0,0,0,0,0,0,0,0,0,0,0,0,0,0,0,0,0,0,0,2,0,1,0,0,0,0,5,0,0,0,0,0,0,0,0,0,0,0,0,0,1,0,0,0,0,0,0,0,0,0,3,3,0,0,0,0,0,0,0,0,0,0,0,0,0,0,0,0,0,0
132,133,Nicotiflorina (Nicotiflorin),"5,7-dihidroxi-2-(4-hidroxifenil)-3-[(2S,3R,4S,5S,6R)-3,4,5-trihidroxi-6-[[(2R,3R,4R,5R,6S)-3,4,5-trihidroxi-6-metiloxan-2-il]oximetil]oxan-2-il]oxicromen-4-ona",C27H30O15,C[C@@H]1O[C@@H](OC[C@H]2O[C@@H](Oc3c(-c4ccc(O)cc4)oc4cc(O)cc(O)c4c3=O)[C@H](O)[C@@H](O)[C@@H]2O)[C@H](O)[C@H](O)[C@H]1O,28,13.54756125,13.54756125,0.10266962,-1.915794571,0.159290707,33.5,594.522,564.282,594.1584703,228,0,0.238632674,-0.507966213,0.507966213,0.238632674,0.761904762,1.404761905,2.095238095,16.73156145,9.983666549,2.474506772,-2.419528522,2.373012748,-2.613941356,5.878422943,-0.3182939,2.946845926,1.459624597,1473.11713,30.45493649,21.91912319,21.91912319,19.86598886,12.86773198,12.86773198,10.12159651,10.12159651,7.182810422,7.182810422,4.786664917,4.786664917,-3.51,1582463523,29.96438233,11.63893349,5.4908377,236.1064285,69.32334931,70.94554457,12.05027415,17.46832895,0,0,4.794537184,0,0,0,0,31.18920547,17.69618563,12.71084835,69.32334931,10.96924436,0,0,0,68.33552176,6.606881965,46.62152999,0,34.32174624,10.16565335,0,22.99804733,0,113.9774131,14.21058886,0,6.9237372,45.60989053,0,22.29294327,0,249.2,90.69599242,50.75328374,0,28.0424551,0,12.13273414,31.18920547,0,0,0,23.36460275,27.95106642,0,13.54756125,91.37474338,-0.95616736,-1.974286722,7.333547844,-15.80951029,0.866378816,0,0.444444444,42,9,15,0,2,2,0,2,1,3,10,0,15,9,15,3,6,0,2,2,0,0,8.303653639,5,-1.3927,138.5312,0,6,6,0,0,0,0,3,0,0,0,0,0,0,0,0,0,0,0,0,0,0,0,0,0,0,0,0,0,0,0,0,0,0,2,0,1,0,0,0,0,4,0,0,0,0,0,0,0,0,0,0,0,0,0,0,0,0,0,0,0,0,0,0,0,3,3,0,0,0,0,0,0,0,0,0,0,0,0,0,0,0,0,0,0
133,134,_-carbolina,"9H-pirido[3,4-b]indol",C11H8N2,c1ccc2c(c1)[nH]c1cnccc12,29,4.076881141,4.076881141,1.100648148,1.100648148,0.548948557,11.07692308,168.199,160.135,168.0687483,62,0,0.065082578,-0.35325053,0.35325053,0.065082578,0.923076923,1.769230769,2.769230769,14.7366439,10.17428989,2.002994726,-1.867832323,2.228247817,-1.684311802,6.061236574,1.346953485,2.559015159,2.64243826,515.8499381,8.673362107,6.98866548,6.98866548,6.449489743,4.254431651,4.254431651,3.09184256,3.09184256,2.30764841,2.30764841,1.701003965,1.701003965,-1.83,2395.238189,6.660756067,2.327101888,0.855443581,75.22354058,4.983978521,0,0,0,0,0,4.983978521,0,0,0,18.19910121,12.13273414,22.48599272,11.71354429,0,21.80584986,0,9.967957042,0,0,0,42.72552249,0,0,0,0,0,0,9.967957042,0,0,0,42.72552249,0,21.80584986,0,28.68,0,0,0,0,0,5.516700718,16.28914915,0,24.52642128,28.16705825,0,0,0,7.392344104,2.505092593,2.272407407,0,10.31830404,3.678518519,0,0,0,13,1,2,0,0,0,0,1,2,3,0,0,1,1,2,2,0,0,0,0,0,0,1.19232754,3,2.7161,53.5997,0,0,0,0,0,2,1,0,0,0,0,0,0,0,0,1,1,0,0,0,0,1,0,0,0,0,0,0,0,0,0,0,0,0,1,0,3,0,0,0,0,0,0,0,0,0,0,0,0,0,0,0,0,0,0,0,0,0,0,0,0,0,0,0,1,0,0,0,0,0,0,0,0,1,0,0,0,0,0,0,0,0,0,0,0
134,135,Retronecina,"(1R,8R)-7-(hidroximetil)-2,3,5,8-tetrahidro-1H-pirrolizin-1-ol",C8H13NO2,[H][C@]12C(CO)=CCN1CC[C@H]2O,31,9.507268519,9.507268519,0.095462963,-0.253796296,0.494677806,37.45454545,155.197,142.093,155.0946287,62,0,0.074647345,-0.391959473,0.391959473,0.074647345,1.636363636,2.454545455,3.181818182,16.27223368,10.05935177,2.37043206,-2.188283472,2.277215756,-2.322464634,5.222622311,0.139733536,2.535971689,2.150077994,190.5310796,7.844934983,6.402118719,6.402118719,5.325698503,4.045814652,4.045814652,3.232949228,3.232949228,2.620391776,2.620391776,2.038204538,2.038204538,-0.38,601.0252904,7.278843883,2.587781268,1.001210114,65.94088166,10.21305479,0,0,0,0,0,4.899909731,0,0,0,6.076020107,11.99392615,13.08951281,18.75268918,10.21305479,0,0,4.899909731,0,18.56662884,19.69639478,11.64912464,0,0,0,0,0,0,46.95516651,0,0,6.420821623,11.64912464,0,0,0,43.7,0,5.106527395,0,18.75268918,0,25.08343896,0,0,6.076020107,4.899909731,5.106527395,0,0,2.204583333,18.43208333,0.99537037,0,0.125,2.616296296,1.96,0,0.75,11,2,3,0,2,2,0,0,0,0,2,0,3,2,3,2,1,0,1,1,0,0,1.712368714,2,-0.6461,41.1536,0,2,2,0,0,0,0,0,0,0,0,0,0,0,0,1,0,0,0,0,0,0,0,0,0,0,0,0,0,0,0,0,0,0,0,0,1,0,0,0,0,0,0,0,0,0,0,0,0,0,0,0,0,0,0,0,0,0,0,0,0,0,0,0,0,0,0,0,0,0,0,0,0,0,0,0,0,0,0,0,0,0,0,0,0
135,136,Lindelofidina (Lindelofina),"(2S)-2-hidroxi-2-[(1R)-1-hidroxietil]-3-metilbutanoato de [(1R,8R)-2,3,5,6,7,8-hexahidro-1H-pirrolizin-1-il]metilo",C15H27NO4,C[C@H]([C@@](C(C)C)(C(=O)OC[C@@H]1CCN2[C@@H]1CCC2)O)O,31,12.15095191,12.15095191,0.348958333,-1.811540297,0.730650253,31.1,285.384,258.168,285.1940083,116,0,0.340648448,-0.46311934,0.46311934,0.340648448,1.35,2.05,2.65,16.55273453,9.853987183,2.46269667,-2.325243601,2.330260728,-2.533379923,5.799841411,-0.185666602,2.969210814,1.912018899,347.7826762,14.91384908,12.71017913,12.71017913,9.368933159,7.686862816,7.686862816,6.548779535,6.548779535,5.018114892,5.018114892,3.568819601,3.568819601,-0.65,34499.26044,15.73346142,5.996773366,2.712588807,120.4601468,14.94991774,0,5.601050811,0,0,5.969305288,4.899909731,4.794537184,0,0,13.8474744,45.19362093,11.95974688,12.71084835,19.74445493,5.969305288,0,4.899909731,11.83581209,57.7805345,19.69639478,0,0,0,0,0,0,0,58.52552261,9.531400138,11.83581209,40.03367647,0,0,0,0,70,17.67432249,15.00759197,0,5.917906046,18.56662884,19.51033443,19.76538045,13.8474744,0,4.899909731,4.736862954,5.346296296,0,14.6110845,20.05605907,-1.811540297,-0.715402547,0.529160053,2.30552851,7.428814419,0,0.933333333,20,2,5,0,2,2,0,0,0,0,4,0,5,2,5,2,5,0,2,2,0,0,4.717500119,2,0.7818,75.1296,0,2,1,0,0,0,0,0,0,0,1,1,0,0,0,1,0,0,0,0,0,0,0,0,0,0,0,0,0,0,0,0,0,0,0,0,1,0,0,0,1,1,0,0,0,0,0,0,0,0,0,0,0,0,0,0,0,0,0,0,0,0,0,0,0,0,0,0,0,0,0,0,0,0,0,0,0,0,0,0,0,0,0,0,0
136,137,Supinidina,"[(8S)-5,6,7,8-tetrahidro-3H-pirrolizin-1-il]metanol",C8H13NO,C1CC2C(=CCN2C1)CO,31,8.918148148,8.918148148,0.265046296,0.265046296,0.530906477,32.5,139.198,126.094,139.099714,56,0,0.065689703,-0.391961251,0.391961251,0.065689703,1.7,2.6,3.4,16.25075297,10.09293037,2.296800712,-2.156463851,2.271094556,-2.251874065,5.196527764,0.286716016,2.439898185,2.101972508,164.6405265,6.974691495,6.084661635,6.084661635,4.9150149,3.954282429,3.954282429,3.09011544,3.09011544,2.56223151,2.56223151,2.005040113,2.005040113,-0.34,397.7034042,6.375268807,2.364326722,0.796006462,61.14664791,5.106527395,0,0,0,0,0,4.899909731,0,0,0,6.076020107,24.95950418,12.58659724,6.606881965,5.106527395,0,0,4.899909731,0,18.88348408,19.69639478,11.64912464,0,0,0,0,0,0,35.74467273,0,0,12.84164325,11.64912464,0,0,0,23.47,0,0,0,6.606881965,6.041840829,6.544756406,24.95950418,0,0,10.97592984,5.106527395,0,0,2.436064815,8.918148148,1.247685185,0,0.601851852,4.734351852,2.561898148,0,0.75,10,1,2,0,2,2,0,0,0,0,1,0,2,1,2,2,1,0,1,1,0,1,1.50732184,2,0.3831,39.7638,0,1,1,0,0,0,0,0,0,0,0,0,0,0,0,1,0,0,0,0,0,0,0,0,0,0,0,0,0,0,0,0,0,0,0,0,1,0,0,0,0,0,0,0,0,0,0,0,0,0,0,0,0,0,0,0,0,0,0,0,0,0,0,0,0,0,0,0,0,0,0,0,0,0,0,0,0,0,0,0,0,0,0,0,0
137,138,Trachelanthamidina," [(1R,8S)-2,3,5,6,7,8-hexahidro-1H-pirrolizin-1-il]metanol",C8H15NO,[H][C@@]12CCCN1CC[C@H]2CO,31,8.986435185,8.986435185,0.403935185,0.403935185,0.573290545,40.5,141.214,126.094,141.1153641,58,0,0.047420487,-0.396025053,0.396025053,0.047420487,1.3,2.2,3,16.25134268,9.997037847,2.356640497,-2.171288413,2.313618499,-2.267571083,4.90158762,0.190588346,2.439898185,2.011567439,126.4259988,6.974691495,6.291768416,6.291768416,4.9150149,4.264960393,4.264960393,3.476873911,3.476873911,2.979998997,2.979998997,2.400378692,2.400378692,-0.08,397.7034042,6.619056743,2.51349237,0.866590672,61.83625094,10.00643713,0,0,0,0,0,0,0,0,0,0,38.26988373,12.64872279,0,5.106527395,0,0,4.899909731,5.917906046,25.3043057,19.69639478,0,0,0,0,0,0,0,35.74467273,0,5.917906046,19.26246487,0,0,0,0,23.47,0,0,0,0,12.52478801,6.041840829,32.35197768,0,0,4.899909731,5.106527395,0,0,2.528657407,8.986435185,0,0.599537037,0.740740741,3.896388889,2.914907407,0,1,10,1,2,0,2,2,0,0,0,0,2,0,2,1,2,2,1,0,2,2,0,0,1.663694862,2,0.463,39.7878,0,1,1,0,0,0,0,0,0,0,0,0,0,0,0,1,0,0,0,0,0,0,0,0,0,0,0,0,0,0,0,0,0,0,0,0,1,0,0,0,0,0,0,0,0,0,0,0,0,0,0,0,0,0,0,0,0,0,0,0,0,0,0,0,0,0,0,0,0,0,0,0,0,0,0,0,0,0,0,0,0,0,0,0,0
138,139,Espermidina,"N'-(3-aminopropil)butano-1,4-diamina",C7H19N3,NCCCCNCCCN,31,5.32164155,5.32164155,0.781635802,0.781635802,0.429543725,10.2,145.25,126.098,145.1578976,62,0,-0.003689862,-0.330472668,0.330472668,0.003689862,0.8,1.4,2,14.84431494,10.28635675,1.850466124,-2.007224001,1.813842393,-2.194137202,4.485407336,0.610617814,1.967154472,2.647604849,48.81290899,7.656854249,6.604448007,6.604448007,4.914213562,4.023603362,4.023603362,2.388010441,2.388010441,1.365355072,1.365355072,0.74639964,0.74639964,-0.12,175.076748,9.88,8.88,7.88,63.15854729,16.78412356,0,0,0,0,0,0,0,0,0,0,45.44149049,0,0,0,0,0,5.316788604,11.46733495,19.26246487,26.17902562,0,0,0,16.78412356,0,0,0,26.17902562,0,0,19.26246487,0,0,0,0,64.07,0,0,0,0,0,39.02066887,6.420821623,0,0,5.316788604,11.46733495,0,0,0,3.285555556,10.63106088,0,0,3.374326814,3.709056752,0,1,10,5,3,0,0,0,0,0,0,0,0,0,3,3,3,0,7,0,0,0,0,0,8.77344,0,-0.3363,44.8295,0,0,0,0,0,0,0,0,0,0,0,0,0,0,0,0,1,2,0,0,0,0,0,0,0,0,0,0,0,0,0,0,0,0,0,0,0,0,0,0,0,0,0,0,0,0,0,0,0,0,0,0,0,0,0,0,0,0,0,0,0,0,0,0,0,0,0,0,0,0,0,0,0,0,0,0,0,0,0,0,0,0,0,1,0
139,140,Espermina,"N,N'-bis(3-aminopropil)butano-1,4-diamina",C10H26N4,NCCCNCCCCNCCCN,31,5.377234495,5.377234495,0.785361422,0.785361422,0.345280606,10.71428571,202.346,176.138,202.2157468,86,0,-0.003689861,-0.330424745,0.330424745,0.003689861,0.571428571,0.928571429,1.285714286,14.86344052,10.26782412,1.88952084,-2.044984187,1.844891905,-2.220778294,4.522495562,0.570167204,2.209692219,2.784765531,86.12278798,10.48528137,9.22576835,9.22576835,6.914213562,5.730710143,5.730710143,3.491563832,3.491563832,2.072461853,2.072461853,1.204124145,1.204124145,-0.16,1347.912253,13.84,12.84,11.84,87.80323582,22.10091216,0,0,0,0,0,0,0,0,0,0,64.95182493,0,0,0,0,0,10.63357721,11.46733495,25.68328649,39.26853844,0,0,0,22.10091216,0,0,0,39.26853844,0,0,25.68328649,0,0,0,0,76.1,0,0,0,0,0,52.11018168,12.84164325,0,0,10.63357721,11.46733495,0,0,0,6.721202129,10.75446899,0,0,4.628861961,5.895466919,0,1,14,6,4,0,0,0,0,0,0,0,0,0,4,4,4,0,11,0,0,0,0,0,12.69325714,0,-0.3566,62.3162,0,0,0,0,0,0,0,0,0,0,0,0,0,0,0,0,2,2,0,0,0,0,0,0,0,0,0,0,0,0,0,0,0,0,0,0,0,0,0,0,0,0,0,0,0,0,0,0,0,0,0,0,0,0,0,0,0,0,0,0,0,0,0,0,0,0,0,0,0,0,0,0,0,0,0,0,0,0,0,0,0,0,0,1,0
140,141,Putrescina,"butano-1,4-diamina",C4H12N2,C(C[11CH2]N)CN,31,5.159027778,5.159027778,0.775,0.775,0.463564412,9,87.1544336,75.0584336,87.11148198,38,0,-0.00768043,-0.330472669,0.330472669,0.00768043,0.833333333,1.166666667,1.333333333,14.51157401,10.00222495,1.748758439,-1.866287199,1.767324744,-2.034687889,4.376846616,0.755028164,1.614330835,2.339092315,17.509775,4.828427125,3.983127663,3.983127663,2.914213562,2.316496581,2.316496581,1.28445705,1.28445705,0.65824829,0.65824829,0.288675135,0.288675135,-0.08,20.98630086,5.92,4.92,3.92,38.51385877,11.46733495,0,0,0,0,0,0,0,0,0,0,25.93115606,0,0,0,0,0,0,11.46733495,12.84164325,13.08951281,0,0,0,11.46733495,0,0,0,13.08951281,0,0,12.84164325,0,0,0,0,52.04,0,0,0,0,0,25.93115606,0,0,0,0,11.46733495,0,0,0,0,10.31805556,0,0,2.131944444,1.55,0,1,6,4,2,0,0,0,0,0,0,0,0,0,2,2,2,0,3,0,0,0,0,0,4.8544,0,-0.316,27.3428,0,0,0,0,0,0,0,0,0,0,0,0,0,0,0,0,0,2,0,0,0,0,0,0,0,0,0,0,0,0,0,0,0,0,0,0,0,0,0,0,0,0,0,0,0,0,0,0,0,0,0,0,0,0,0,0,0,0,0,0,0,0,0,0,0,0,0,0,0,0,0,0,0,0,0,0,0,0,0,0,0,0,0,1,0
141,142,_-pineno,"6,6-dimetil-2-metilidenobiciclo[3.1.1]heptano",C10H16,CC1(C2CCC(=C)C1C2)C,31;41,4.128726852,4.128726852,0.606481481,0.606481481,0.448982999,42.8,136.238,120.11,136.1252005,56,0,-0.014905782,-0.099560333,0.099560333,0.014905782,1.5,2.2,2.5,14.55393735,9.474523142,2.507483741,-2.572114961,2.601055543,-2.48297363,5.180720431,-0.027256165,1.868520927,2.231080813,174.4773318,7.353371151,6.983127663,6.983127663,4.621027034,4.297877056,4.297877056,4.503502173,4.503502173,3.777239609,3.777239609,2.73251515,2.73251515,-0.26,188.7206137,6.450201166,1.663742547,0.574462076,63.32246472,0,0,0,0,0,0,0,0,0,0,25.99951461,36.51326743,0,0,0,0,0,0,17.25080256,33.10993927,0,12.15204021,0,0,0,0,0,0,0,0,17.25080256,33.10993927,12.15204021,0,0,0,0,0,0,0,0,5.414990469,11.83581209,24.8355694,0,0,20.42641008,0,0,0,0,0,2.127314815,1.883564815,0,4.145763889,8.926689815,0,0.8,10,0,0,3,0,3,0,0,0,0,2,2,0,0,0,0,0,3,0,3,0,2,1.073147412,3,2.9987,43.752,0,0,0,0,0,0,0,0,0,0,0,0,0,0,0,0,0,0,0,0,0,0,0,0,0,0,1,0,0,0,0,0,0,0,0,0,2,0,0,0,0,0,0,0,0,0,0,0,0,0,0,0,0,0,0,0,0,0,0,0,0,0,0,0,0,0,0,0,0,0,0,0,0,0,0,0,0,0,0,0,0,0,0,0,0
142,143,Linalool,"3,7-dimetilocta-1,6-dien-3-ol",C10H18O,C=CC(C)(O)CCC=C(C)C,31,9.488774565,9.488774565,0.702430556,-0.702430556,0.617129007,15.27272727,154.253,136.109,154.1357652,64,0,0.079954328,-0.386091503,0.386091503,0.079954328,1.545454545,2.090909091,2.454545455,16.28147409,9.998868584,2.122344546,-2.161091713,2.130619004,-2.187488281,4.973788313,0.103304023,1.866518475,3.705911539,150.2557124,8.905777394,7.723234477,7.723234477,4.977162391,3.971007038,3.971007038,3.38144649,3.38144649,1.642813197,1.642813197,0.755126614,0.755126614,-0.56,169.8531812,10.44,4.345263593,5.863728814,69.43875775,5.106527395,0,0,0,0,0,0,0,0,6.578935684,17.72514474,33.61285484,0,5.601050811,5.106527395,0,0,0,0,39.21390566,0,24.30408043,0,0,0,0,0,0,10.70757821,0,0,33.61285484,24.30408043,0,0,0,20.23,5.601050811,5.106527395,0,0,0,12.84164325,5.57310453,12.99975731,0,26.50243019,0,0,0,0,9.488774565,0.59373819,0,0,5.381782407,9.452371504,0,0.6,11,1,1,0,0,0,0,0,0,0,1,0,1,1,1,0,4,0,0,0,0,1,4.124050174,0,2.6698,49.4858,0,1,0,0,0,0,0,0,0,0,0,0,0,0,0,0,0,0,0,0,0,0,0,0,0,0,2,0,0,0,0,0,0,0,0,0,0,0,0,0,0,0,0,0,0,0,0,0,0,0,0,0,0,0,0,0,0,0,0,0,0,0,0,0,0,0,0,0,0,0,0,0,0,0,0,0,0,0,0,0,0,0,0,0,0
143,144,Galangina,"3,5,7-trihidroxi-2-fenilcromen-4-ona",C15H10O5,O=c1c(O)c(-c2ccccc2)oc2cc(O)cc(O)c12,32,12.10289257,12.10289257,0.003845427,-0.747589758,0.631832936,10.8,270.24,260.16,270.0528234,100,0,0.238288561,-0.507678166,0.507678166,0.238288561,0.95,1.65,2.35,16.3590845,10.09675702,2.177160815,-2.068231673,2.341223226,-2.024138249,5.875639943,0.438093402,2.426520713,2.422398194,849.5071387,14.2756564,10.19958925,10.19958925,9.5753874,5.84857697,5.84857697,4.312974437,4.312974437,2.971330649,2.971330649,2.060312934,2.060312934,-2.95,41590.56502,12.10276211,4.307802294,1.763042678,112.519202,19.73673312,22.46826802,5.760247419,11.17830223,0,0,4.794537184,0,0,0,30.33183534,0,17.69618563,0,19.73673312,10.96924436,0,0,0,0,0,52.68789706,0,28.57223441,5.428790392,0,17.2485355,0,15.31958218,0,0,0,51.6762576,0,22.29294327,0,90.9,16.92781406,20.11411937,0,22.47900361,5.563451492,6.066367068,6.066367068,30.33183534,0,0,4.417150937,5.451111111,0,12.10289257,28.9320627,-0.223528912,-1.259904678,10.83070053,0,0,0,0,20,3,5,0,0,0,0,2,1,3,0,0,5,3,5,1,1,0,0,0,0,0,2.606815318,3,2.5768,72.9144,0,0,0,0,0,0,0,3,0,0,0,0,0,0,0,0,0,0,0,0,0,0,0,0,0,0,0,0,0,0,0,0,0,0,2,0,1,0,0,0,0,0,0,0,0,0,0,0,0,0,0,0,0,0,0,0,0,0,0,0,0,0,0,0,0,2,2,0,0,0,0,0,0,0,0,0,0,0,0,0,0,0,0,0,0
144,145,Pinocembrina,"(2S)-5,7-dihidroxi-2-fenil-2,3-dihidrocromen-4-ona",C15H12O4,O=C1C[C@@H](c2ccccc2)Oc2cc(O)cc(O)c21,32,12.07974443,12.07974443,0.12707252,-0.386666667,0.822909689,17.68421053,256.257,244.161,256.0735589,96,0,0.173909205,-0.507678567,0.507678567,0.173909205,1.105263158,1.842105263,2.578947368,16.49318018,9.953739367,2.300151643,-2.256075495,2.408629884,-2.199113161,6.022659742,0.084464914,2.379436114,2.027812409,634.0938759,13.40541292,10.03683271,10.03683271,9.147867046,5.957025103,5.957025103,4.482509027,4.482509027,3.156332513,3.156332513,2.278781631,2.278781631,-2.49,26973.28779,11.59198556,4.31484741,2.012001812,109.4410273,14.94991774,28.91595338,5.783244946,0,0,0,4.794537184,0,0,0,30.33183534,5.563451492,12.13273414,6.420821623,19.74445493,5.783244946,0,0,0,12.52478801,0,53.59147246,0,17.2485355,4.736862954,0,17.2485355,0,15.99629974,0,0,28.44622818,42.46456948,0,0,0,66.76,0,15.00759197,0,41.12001995,0,11.62981856,6.066367068,0,30.33183534,0,4.736862954,5.709212963,0,12.07974443,19.1644413,1.036401644,-0.333815298,11.88807393,-0.210725624,0,0,0.133333333,19,2,4,0,1,1,0,2,0,2,1,0,4,2,4,1,1,0,0,0,0,0,2.632507834,3,2.8043,68.5301,0,0,0,0,0,0,0,2,0,0,1,1,0,0,0,0,0,0,0,0,0,0,0,0,0,0,0,0,0,0,0,0,0,0,2,0,1,0,0,0,0,1,0,0,0,0,0,0,0,0,0,1,1,0,0,0,0,0,0,0,0,0,0,0,0,2,2,0,0,0,0,0,0,0,0,0,0,0,0,0,0,0,0,0,0
145,146,Crisina,"5,7-dihidroxi-2-fenilcromen-4-ona",C15H10O4,C1=CC=C(C=C1)C2=CC(=O)C3=C(C=C(C=C3O2)O)O,32,12.00335554,12.00335554,0.06711215,-0.34944161,0.700091546,10.73684211,254.241,244.161,254.0579088,94,0,0.196579154,-0.507678166,0.507678166,0.196579154,0.947368421,1.684210526,2.421052632,16.34074307,10.11143679,2.111465121,-2.044724497,2.296466762,-2.001099816,5.854504177,0.45207417,2.379436114,2.340995866,803.4836768,13.40541292,9.829725925,9.829725925,9.147867046,5.702320441,5.702320441,4.178958456,4.178958456,2.852927978,2.852927978,1.998604895,1.998604895,-2.75,26973.28779,11.34664102,4.170292905,1.929518941,107.7249683,14.63020573,28.22851544,5.428790392,0,0,0,4.794537184,0,0,0,30.33183534,0,23.7625527,0,14.63020573,10.96924436,0,0,0,0,0,58.75426412,0,22.82272258,5.428790392,0,11.49902367,0,10.21305479,0,0,0,57.74262467,0,22.29294327,0,70.67,0,15.00759197,0,27.89705841,5.760247419,11.62981856,12.13273414,0,30.33183534,0,4.417150937,5.570324074,0,12.00335554,19.18283085,0.560915533,-0.051089485,12.90033016,0,0,0,0,19,2,4,0,0,0,0,2,1,3,0,0,4,2,4,1,1,0,0,0,0,0,2.490464028,3,2.8712,71.2496,0,0,0,0,0,0,0,2,0,0,0,0,0,0,0,0,0,0,0,0,0,0,0,0,0,0,0,0,0,0,0,0,0,0,2,0,1,0,0,0,0,0,0,0,0,0,0,0,0,0,0,0,0,0,0,0,0,0,0,0,0,0,0,0,0,2,2,0,0,0,0,0,0,0,0,0,0,0,0,0,0,0,0,0,0
146,147,Eriodictyol,"(2S)-2-(3,4-dihidroxifenil)-5,7-dihidroxi-2,3-dihidrocromen-4-ona",C15H12O6,O=C1C[C@@H](c2ccc(O)c(O)c2)Oc2cc(O)cc(O)c21,32,12.11972616,12.11972616,0.018303099,-0.668796296,0.599271449,17.14285714,288.255,276.159,288.0633881,108,0,0.173909225,-0.507678567,0.507678567,0.173909225,0.952380952,1.714285714,2.428571429,16.49333186,9.950553975,2.306027352,-2.258186192,2.41976563,-2.199689206,6.022877422,0.084418554,2.400453973,2.01392325,737.1839684,15.14589989,10.77655936,10.77655936,9.952397498,6.231588968,6.231588968,4.819977148,4.819977148,3.356230328,3.356230328,2.351826692,2.351826692,-2.89,56060.20208,13.10974753,4.588186557,2.202969353,119.0294949,25.16297253,28.91595338,17.28226861,0,0,0,4.794537184,0,0,0,6.066367068,17.69618563,12.13273414,6.420821623,29.95750972,5.783244946,0,0,0,12.52478801,0,41.45873833,0,28.74755917,4.736862954,0,28.74755917,0,26.20935453,0,0,28.44622818,30.33183534,0,0,0,107.22,6.103966388,25.22064676,0,46.51507723,5.563451492,6.066367068,24.26546827,0,0,0,4.736862954,5.611340703,0,12.11972616,37.98974761,0.540910126,-1.367996924,6.460038384,-0.687099395,0,0,0.133333333,21,4,6,0,1,1,0,2,0,2,1,0,6,4,6,1,1,0,0,0,0,0,2.864284162,3,2.2155,71.8597,0,0,0,0,0,0,0,4,0,0,1,1,0,0,0,0,0,0,0,0,0,0,0,0,0,0,0,0,0,0,0,0,0,0,2,0,1,0,0,0,0,1,0,0,0,0,0,0,0,0,0,1,1,0,0,0,0,0,0,0,0,0,0,0,0,4,4,0,0,0,0,0,0,0,0,0,0,0,0,0,0,0,0,0,0
147,148,Tricetina,"5,7-dihidroxi-2-(3,4,5-trihidroxifenil)cromen-4-ona",C15H10O7,OC1=CC(O)=C2C(=O)C=C(OC2=C1)C1=CC(O)=C(O)C(O)=C1,32,12.06576499,12.06576499,0.020277778,-0.692430556,0.43419044,10.90909091,302.238,292.158,302.0426527,112,0,0.199801424,-0.507678166,0.507678166,0.199801424,0.772727273,1.409090909,2.045454545,16.34371846,10.09217291,2.147827694,-2.071080435,2.391505393,-2.002468177,5.857515379,0.367761168,2.423695723,2.313179978,932.9926828,16.01614338,10.9393159,10.9393159,10.3630811,6.11715777,6.11715777,4.676037608,4.676037608,3.148820567,3.148820567,2.142633515,2.142633515,-3.35,82425.04414,13.6247375,4.589937947,2.045502408,122.1076695,29.94978791,28.22851544,22.67732589,0,0,0,4.794537184,0,0,0,0,12.13273414,23.7625527,0,29.94978791,10.96924436,0,0,0,0,0,40.55516292,0,40.07125808,5.428790392,0,28.74755917,0,25.53263697,0,0,0,39.54352346,0,22.29294327,0,131.36,28.42683773,30.32717416,0,28.0424551,0,30.33183534,0,0,0,0,4.417150937,5.416340703,0,12.06576499,47.36071637,-0.497692744,-2.600296097,5.421833442,0,0,0,0,22,5,7,0,0,0,0,2,1,3,0,0,7,5,7,1,1,0,0,0,0,0,2.842577257,3,1.988,76.244,0,0,0,0,0,0,0,5,0,0,0,0,0,0,0,0,0,0,0,0,0,0,0,0,0,0,0,0,0,0,0,0,0,0,2,0,1,0,0,0,0,0,0,0,0,0,0,0,0,0,0,0,0,0,0,0,0,0,0,0,0,0,0,0,0,5,5,0,0,0,0,0,0,0,0,0,0,0,0,0,0,0,0,0,0
148,149,Sakuranetin,"(2S)-5-hidroxi-2-(4-hidroxifenil)-7-metoxi-2,3-dihidrocromen-4-ona",C16H14O5,COc1cc(O)c2c(c1)O[C@H](c1ccc(O)cc1)CC2=O,32,12.22644385,12.22644385,0.136571476,-0.447123961,0.88743439,17,286.283,272.171,286.0841235,108,0,0.173909207,-0.507966607,0.507966607,0.173909207,1.19047619,1.904761905,2.571428571,16.49662664,9.952359912,2.303545592,-2.259963929,2.413841105,-2.200877432,6.022962672,0.084449487,2.464965972,1.993449981,690.5586783,14.98276318,11.36773073,11.36773073,10.0797187,6.480081141,6.480081141,4.844985164,4.844985164,3.474302102,3.474302102,2.407480277,2.407480277,-2.69,67875.30301,13.30033664,5.012254532,2.377590514,120.9195147,19.6867807,34.66546521,5.783244946,0,0,0,4.794537184,0,0,0,12.13273414,17.69618563,12.13273414,13.53061916,24.48131788,5.783244946,0,0,0,12.52478801,7.109797541,47.52510539,0,22.99804733,9.473725908,0,22.99804733,0,23.10609728,0,0,28.44622818,36.39820241,0,0,0,75.99,6.103966388,15.00759197,0,29.26654173,11.49902367,5.563451492,13.17616461,30.33183534,0,0,9.473725908,10.87778319,0,12.22644385,19.23019157,0.972164851,0.555708425,9.472794379,-0.310552485,0,1.475466225,0.1875,21,2,5,0,1,1,0,2,0,2,1,0,5,2,5,1,2,0,0,0,0,0,3.174508218,3,2.8129,75.0821,0,0,0,0,0,0,0,2,0,0,1,1,0,0,0,0,0,0,0,0,0,0,0,0,0,0,0,0,0,0,0,0,0,0,2,0,1,0,0,0,0,2,0,0,0,0,0,0,0,0,0,1,1,0,0,1,0,0,0,0,0,0,0,0,0,2,2,0,0,0,0,0,0,0,0,0,0,0,0,0,0,0,0,0,0
149,150,Sílice,dioxosilano,O2Si,O=[Si]=O,33,8.402777778,8.402777778,1.416666667,-1.416666667,0.34909142,2.666666667,60.084,60.084,59.96675577,16,0,0.548966224,-0.274483112,0.548966224,0.274483112,1.333333333,1.333333333,1.333333333,28.16818155,15.91781845,1.218993482,-0.94351037,0.759309067,-1.257909067,5.944232249,0.497267751,0.918295834,3.265986324,23.77443751,2.707106781,1.316496581,2.316496581,1.414213562,0.40824829,1.224744871,0.083333333,0.25,0,0,0,0,-0.183116883,2.754887502,2.816883117,1.816883117,1.816883117,19.40222479,0,0,0,0,0,9.292543339,8.923893333,0,0,0,0,0,0,0,8.923893333,9.292543339,0,0,0,0,0,0,0,0,0,0,0,0,9.292543339,8.923893333,0,0,0,0,0,0,34.14,9.292543339,0,0,0,0,0,0,0,0,0,8.923893333,16.80555556,0,0,0,0,0,0,0,0,-1.416666667,0,3,0,2,0,0,0,0,0,0,0,0,0,2,0,3,0,0,0,0,0,0,0,1.705982459,0,-0.6184,7.127,0,0,0,0,0,0,0,0,0,0,0,0,0,0,0,0,0,0,0,0,0,0,0,0,0,0,0,0,0,0,0,0,0,0,0,0,0,0,0,0,0,0,0,0,0,0,0,0,0,0,0,0,0,0,0,0,0,0,0,0,0,0,0,0,0,0,0,0,0,0,0,0,0,0,0,0,0,0,0,0,0,0,0,0,0
150,151,Equisetina,"(3E,5S)-3-[[(1S,2R,4aS,6R,8aR)-1,6-dimetil-2-[(E)-prop-1-enil]-4a,5,6,7,8,8a-hexahidro-2H-naftalen-1-il]-hidroximetilideno]-5-(hidroximetil)-1-metilpirrolidin-2,4-diona",C22H31NO4,C/C=C/[C@@H]1C=C[C@@H]2C[C@@H](CC[C@H]2[C@]1(C)/C(=C\3/C(=O)[C@@H](N(C3=O)C)CO)/O)C,33,12.78396096,12.78396096,0.079871504,-0.903032512,0.344979507,41.37037037,373.493,342.245,373.2253085,148,0,0.260963491,-0.510716512,0.510716512,0.260963491,1.333333333,2.037037037,2.62962963,16.26635857,9.53721514,2.533540165,-2.500892392,2.556694663,-2.450528234,6.26417525,-0.126073672,2.850098106,2.135797563,721.8244221,19.93035694,16.68271691,16.68271691,12.76630997,9.939069532,9.939069532,8.61001825,8.61001825,7.060720826,7.060720826,5.354979926,5.354979926,-1.88,1012018.536,19.86986295,7.2673527,2.96219448,160.9880782,15.11296452,17.37411023,5.783244946,0,5.907179729,0,9.589074368,0,0,0,44.57237645,37.51909858,18.3805685,6.606881965,19.80212916,11.69042468,0,4.899909731,29.08661465,46.0755173,13.65455395,35.63634983,0,0,0,0,0,0,46.49978397,9.589074368,29.08661465,40.03367647,35.63634983,0,0,0,77.84,29.75413794,19.80212916,0,23.16808149,11.83581209,19.26246487,11.94758171,0,25.99951461,19.07577741,0,0,0,26.74915171,20.87885051,-0.848165627,-0.007515197,-0.903032512,11.46716545,5.747843273,1.49903573,0.636363636,27,2,5,2,1,3,1,0,0,0,6,0,4,2,5,1,3,1,1,2,0,0,5.348196376,3,3.0213,103.8516,0,2,2,0,0,0,0,0,0,0,2,2,0,0,0,1,0,0,0,1,1,0,0,0,0,0,5,1,0,0,0,0,0,0,0,0,1,0,0,0,0,0,0,0,0,0,0,0,0,0,0,1,1,0,0,0,0,0,0,0,0,0,0,0,0,0,0,0,0,0,0,0,0,0,0,0,0,0,0,0,0,0,0,0,0
151,152,Hiperósido,"2-(3,4-dihidroxifenil)-5,7-dihidroxi-3-[(2S,3R,4S,5R,6R)-3,4,5-trihidroxi-6-(hidroximetil)oxan-2-il]oxicromen-4-ona",C21H20O12,O=c1c(O[C@@H]2O[C@H](CO)[C@H](O)[C@H](O)[C@H]2O)c(-c2ccc(O)c(O)c2)oc2cc(O)cc(O)c12,34,13.24691681,13.24691681,0.02011414,-1.854275689,0.228875145,25.27272727,464.379,444.219,464.0954761,176,0,0.238632695,-0.507678166,0.507678166,0.238632695,0.878787879,1.606060606,2.272727273,16.70794502,9.991269918,2.450516444,-2.39036143,2.3886944,-2.597794575,5.879827692,-0.277225178,2.764681287,1.909027255,1250.204178,24.02421507,16.6913114,16.6913114,15.61629996,9.643171022,9.643171022,7.446087707,7.446087707,5.237715077,5.237715077,3.510900786,3.510900786,-3.55,19075457.65,22.6370817,8.422569963,3.898783839,183.9012828,54.743096,46.88413357,17.25927109,17.46832895,0,0,4.794537184,0,0,0,0,18.19910121,17.69618563,6.606881965,54.743096,10.96924436,0,0,0,30.70589228,6.606881965,40.55516292,0,40.07125808,10.16565335,0,28.74755917,0,78.1649934,4.736862954,0,0,39.54352346,0,22.29294327,0,210.51,71.4891238,45.64675634,0,22.29294327,0,24.26546827,6.066367068,0,0,0,13.89087684,16.45776442,0,13.24691681,78.65309162,-1.193318767,-3.049259369,5.358577588,-8.400251266,-0.740187697,0,0.285714286,33,8,12,0,1,1,0,2,1,3,5,0,12,8,12,2,4,0,1,1,0,0,5.777648618,4,-0.5389,108.9744,0,4,4,0,0,0,0,4,0,0,0,0,0,0,0,0,0,0,0,0,0,0,0,0,0,0,0,0,0,0,0,0,0,0,2,0,1,0,0,0,0,2,0,0,0,0,0,0,0,0,0,0,0,0,0,0,0,0,0,0,0,0,0,0,0,4,4,0,0,0,0,0,0,0,0,0,0,0,0,0,0,0,0,0,0
152,153,Taspina,"5-[2-(dimetilamino)etil]-7,14-dimetoxi-2,9-dioxatetraciclo[6.6.2.04,16.011,15]hexadeca-1(14),4(16),5,7,11(15),12-hexaeno-3,10-diona",C20H19NO6,CN(C)CCC1=CC(=C2C3=C1C(=O)OC4=C(C=CC(=C34)C(=O)O2)OC)OC,35,12.87799178,12.87799178,0.233530224,-0.52347818,0.394959694,11.88888889,369.373,350.221,369.1212373,140,0,0.344247979,-0.492817106,0.492817106,0.344247979,0.888888889,1.555555556,2.222222222,16.48373406,9.970925043,2.240417411,-2.157527599,2.397299231,-2.166433187,6.214081963,0.401542586,2.649364009,2.259829677,1267.319381,19.29216426,15.54296771,15.54296771,12.95592746,8.501731962,8.501731962,6.668897592,6.668897592,4.780597865,4.780597865,3.494441853,3.494441853,-3.06,1408378.063,17.35864376,6.277833711,2.539178845,153.5646763,23.20793751,0,22.66506395,0,0,11.25117264,0,9.589074368,0,0,0,44.27871829,17.31720483,24.99204351,18.30802778,32.71093714,0,4.899909731,0,6.420821623,34.85969545,44.6027997,0,11.49902367,20.72489855,0,11.49902367,0,39.75960518,6.420821623,0,5.563451492,36.62247745,0,32.71093714,0,82.12,11.25117264,9.589074368,0,11.16604028,39.46474215,12.1082079,14.21959508,18.19910121,18.9952537,0,18.30802778,21.91149084,0,27.42041747,1.781550821,0.233184603,0.787997633,4.943483875,0.614737024,0.735946161,6.904524904,0.3,27,0,7,0,0,0,0,2,2,4,0,0,7,0,7,2,5,0,0,0,0,0,4.03609922,4,2.6117,102.58,0,0,0,0,0,0,0,0,0,0,0,0,0,0,0,1,0,0,0,1,0,0,0,0,0,0,0,0,0,0,0,0,0,0,2,0,0,0,0,0,0,2,0,0,0,0,0,0,0,0,0,0,0,0,0,2,0,0,0,0,0,0,0,0,0,0,0,0,0,0,0,0,0,0,0,0,0,0,0,0,0,0,0,0,0
153,154,Epigalocatequina,"(2R,3R)-2-(3,4,5-trihidroxifenil)-3,4-dihidro-2H-cromeno-3,5,7-triol",C15H14O7,O[C@@H]1Cc2c(O)cc(O)cc2O[C@@H]1c1cc(O)c(O)c(O)c1,35,10.18960223,10.18960223,0.064001559,-1.04973545,0.437093735,20.22727273,306.27,292.158,306.0739528,116,0,0.199776865,-0.507679031,0.507679031,0.199776865,0.863636364,1.5,2.136363636,16.50620481,9.934321868,2.325719581,-2.310775038,2.440756923,-2.298758638,5.539802311,0.019555513,2.442381428,2.028211111,717.9062011,16.01614338,11.26273826,11.26273826,10.3630811,6.50927051,6.50927051,5.159271498,5.159271498,3.607408848,3.607408848,2.538128497,2.538128497,-2.8,84086.30781,14.1505162,4.884859922,2.209436918,124.4564403,35.37602732,17.2485355,23.35250189,0,0,0,0,0,0,0,0,12.13273414,29.68045874,6.103966388,35.37602732,0,0,0,0,18.6287544,0,35.39237126,0,34.497071,4.736862954,0,34.497071,0,36.74313076,6.420821623,0,17.23086937,24.26546827,0,0,0,130.61,29.45646828,30.63916437,0,29.23280861,5.563451492,18.19910121,6.066367068,0,0,0,4.736862954,5.567914777,0,0,57.92712334,0.599587847,-1.942601936,4.772506155,-1.924530187,0,0,0.2,22,6,7,0,1,1,0,2,0,2,2,0,7,6,7,1,1,0,0,0,0,0,3.141967702,3,1.2517,74.2878,0,1,1,0,0,0,0,5,0,0,0,0,0,0,0,0,0,0,0,0,0,0,0,0,0,0,0,0,0,0,0,0,0,0,2,0,1,0,0,0,0,1,0,0,0,0,0,0,0,0,0,0,0,0,0,0,0,0,0,0,0,0,0,0,0,5,5,0,0,0,0,0,0,0,0,0,0,0,0,0,0,0,0,0,0
154,155,Genisteína,"5,7-dihidroxi-3-(4-hidroxifenil)cromen-4-ona",C15H10O5,OC1=CC=C(C=C1)C1=COC2=C(C(O)=CC(O)=C2)C1=O,36,12.38182115,12.38182115,0.00775463,-0.407926115,0.631832936,10.8,270.24,260.16,270.0528234,100,0,0.203750503,-0.507966245,0.507966245,0.203750503,0.9,1.6,2.3,16.33208836,10.04972793,2.132373228,-2.046350733,2.293427127,-2.043987275,5.874822871,0.451733745,2.394221001,2.314178646,846.5071387,14.2756564,10.19958925,10.19958925,9.558550648,5.829513822,5.829513822,4.363407437,4.363407437,3.019859618,3.019859618,2.058504878,2.058504878,-2.95,39600.41536,12.10276211,4.307802294,1.852183912,112.519202,19.73673312,34.48094285,0,5.428790392,0,0,4.794537184,0,0,0,12.13273414,17.69618563,12.13273414,5.563451492,19.73673312,10.96924436,0,0,0,0,0,52.88469298,0,28.37543848,5.428790392,0,17.2485355,0,15.31958218,0,0,0,51.87305353,0,22.09614734,0,90.9,5.428790392,20.11411937,0,33.78123135,5.563451492,6.066367068,24.4622642,12.13273414,0,0,4.417150937,5.28742654,0,12.38182115,28.41505765,0.52211383,-0.43369608,8.400761422,1.259848828,0,0,0,20,3,5,0,0,0,0,2,1,3,0,0,5,3,5,1,1,0,0,0,0,0,2.606815318,3,2.5768,72.9144,0,0,0,0,0,0,0,3,0,0,0,0,0,0,0,0,0,0,0,0,0,0,0,0,0,0,0,0,0,0,0,0,0,0,2,0,1,0,0,0,0,0,0,0,0,0,0,0,0,0,0,0,0,0,0,0,0,0,0,0,0,0,0,0,0,3,3,0,0,0,0,0,0,0,0,0,0,0,0,0,0,0,0,0,0
155,156,Daidzeína,7-hidroxi-3-(4-hidroxifenil)cromen-4-ona,C15H10O4,O=c1c(-c2ccc(O)cc2)coc2cc(O)ccc12,36,12.32098781,12.32098781,0.049105023,-0.174129819,0.700091546,10.73684211,254.241,244.161,254.0579088,94,0,0.199992923,-0.507966245,0.507966245,0.199992923,0.894736842,1.578947368,2.315789474,16.33015665,10.05556525,2.089743857,-2.028877582,2.231068164,-2.03840845,5.820781845,0.473398422,2.402480906,2.257673569,800.4836768,13.40541292,9.829725925,9.829725925,9.147867046,5.689240358,5.689240358,4.205837926,4.205837926,2.936500125,2.936500125,1.957250305,1.957250305,-2.75,27964.87775,11.34664102,4.170292905,1.929518941,107.7249683,14.63020573,23.3452068,5.428790392,0,0,0,4.794537184,0,0,0,12.13273414,29.82891977,6.066367068,10.94967571,14.63020573,10.96924436,0,0,0,0,0,58.95106005,0,22.62592665,5.428790392,0,11.49902367,0,10.21305479,0,0,0,57.9394206,0,22.09614734,0,70.67,0,15.00759197,0,16.92781406,22.09614734,0,36.59499834,12.13273414,0,0,4.417150937,5.366593207,0,12.32098781,18.99991991,1.24924346,0.186928395,10.68536727,1.357626606,0,0,0,19,2,4,0,0,0,0,2,1,3,0,0,4,2,4,1,1,0,0,0,0,0,2.490464028,3,2.8712,71.2496,0,0,0,0,0,0,0,2,0,0,0,0,0,0,0,0,0,0,0,0,0,0,0,0,0,0,0,0,0,0,0,0,0,0,2,0,1,0,0,0,0,0,0,0,0,0,0,0,0,0,0,0,0,0,0,0,0,0,0,0,0,0,0,0,0,2,2,0,0,0,0,0,0,0,0,0,0,0,0,0,0,0,0,0,0
156,157,Berberina,"16,17-dimetoxi-5,7-dioxa-13-azoniapentaciclo[11.8.0.02,10.04,8.015,20]henicosa-1(13),2,4(8),9,14,16,18,20-octaeno",C20H18NO4 +,COC1=CC=C2C=C3C4=CC5=C(OCO5)C=C4CC[N+]3=CC2=C1OC,37;39,5.595634704,5.595634704,0.298552024,0.298552024,0.674490557,14.16,336.367,318.223,336.1230345,126,0,0.230800981,-0.492840781,0.492840781,0.230800981,1,1.84,2.64,16.696814,9.948838658,2.280121167,-2.169369976,2.410172795,-2.395395296,5.91353497,-0.685869719,3.107280913,1.752406739,1012.484166,16.96589085,14.16562872,14.16562872,12.27951954,8.29333982,8.29333982,6.268661692,6.268661692,5.000725186,5.000725186,3.768374318,3.768374318,-2.95,1279721.215,14.39783986,5.275648027,2.049607604,144.8670105,18.94745182,0,35.73964731,12.4868703,0,0,0,0,4.567099648,0,0,35.21514398,12.48718869,25.16927079,23.51455146,10.77244843,0,0,0,12.96557803,21.01253739,42.09213041,0,34.25542682,23.51455146,0,22.99804733,0,21.01253739,12.96557803,0,5.563451492,36.52867891,0,22.02982792,0,40.8,0,0,0,0,6.792942306,46.73607379,16.82083098,14.21959508,6.066367068,35.02941149,18.94745182,24.38354654,0,0,2.170564978,3.676418021,3.181402586,10.42370908,3.112077349,1.213513522,3.33876792,0.25,25,0,5,0,2,2,0,2,1,3,0,0,4,0,5,3,2,0,0,0,0,0,3.038317419,5,3.0963,92.51,0,0,0,0,0,1,0,0,0,0,0,0,0,0,0,1,0,0,0,0,0,0,0,0,0,0,0,0,0,0,2,0,0,0,2,0,5,0,0,0,0,4,0,0,0,0,0,0,0,0,0,0,0,0,0,2,0,0,0,0,0,0,0,0,0,0,0,0,0,0,0,0,0,1,0,0,0,0,0,0,0,0,0,0,0
157,158,_-amirina,"(3S,4aR,6aR,6bS,8aR,12aR,14aR,14bR)-4,4,6a,6b,8a,11,11,14b-octametil-1,2,3,4a,5,6,7,8,9,10,12,12a,14,14a-tetradecahidropicen-3-ol",C30H50O,CC1(C)CC[C@]2(C)CC[C@]3(C)C(=CC[C@@H]4[C@@]5(C)CC[C@H](O)C(C)(C)[C@@H]5CC[C@]43C)[C@@H]2C1,39,10.88362366,10.88362366,0.053330872,-0.124935146,0.387198831,55.19354839,426.729,376.329,426.3861662,176,0,0.059374863,-0.392562008,0.392562008,0.059374863,0.774193548,1.451612903,2.161290323,16.2683688,9.334265715,2.672682047,-2.710060136,2.751616988,-2.639894002,5.330354137,-0.2023973,2.668992852,1.573286163,790.2333915,22.66492594,21.90503275,21.90503275,14.19752473,13.58371515,13.58371515,15.24520128,15.24520128,13.04043076,13.04043076,10.50668496,10.50668496,-0.3,5446522.968,22.49014858,6.426136032,2.770138054,192.3980473,5.106527395,0,0,0,0,0,0,0,0,0,67.03902223,114.4518772,0,6.103966388,5.106527395,0,0,0,50.24366095,125.7020802,0,11.64912464,0,0,0,0,0,0,11.21049378,0,50.24366095,119.5981138,11.64912464,0,0,0,20.23,0,5.106527395,0,11.51895686,32.99285839,18.25663372,57.78739461,0,5.57310453,61.4659177,0,0,0,0,10.88362366,4.094577959,2.213889624,0,15.86977305,20.43813571,0,0.933333333,31,1,1,5,0,5,0,0,0,0,8,0,1,1,1,0,0,4,0,4,0,0,4.662088843,5,8.1689,130.7198,0,1,1,0,0,0,0,0,0,0,0,0,0,0,0,0,0,0,0,0,0,0,0,0,0,0,2,0,0,0,0,0,0,0,0,0,7,0,0,0,0,0,0,0,0,0,0,0,0,0,0,0,0,0,0,0,0,0,0,0,0,0,0,0,0,0,0,0,0,0,0,0,0,0,0,0,0,0,0,0,0,0,0,0,0
158,159,Queleritrina,"1,2-dimetoxi-12-metil-[1,3]benzodioxolo[5,6-c]fenantridin-12-io",C21H18NO4 +,COC1=CC=C2C(C=[N+](C)C3=C2C=CC2=CC4=C(OCO4)C=C32)=C1OC,39,5.626541733,5.626541733,0.273449274,0.273449274,0.408940527,12.88461538,348.378,330.234,348.1230345,130,0,0.230801284,-0.492840775,0.492840775,0.230801284,0.846153846,1.615384615,2.384615385,16.69679966,9.998228922,2.214586257,-2.118727593,2.409482614,-2.283122663,6.147481124,-0.642276856,3.116613856,1.942681922,1199.655923,17.83613434,14.82876542,14.82876542,12.7070399,8.404105592,8.404105592,6.390646527,6.390646527,5.034164055,5.034164055,3.867174071,3.867174071,-3.21,1892174.187,15.07694527,5.392888816,1.939680134,149.8141344,18.94745182,7.047671983,29.1948909,12.30964302,0,0,0,0,4.567099648,0,6.066367068,35.71805956,5.386224214,30.37826773,23.51455146,32.44782179,0,0,7.047671983,0,21.01253739,42.59504598,0,22.99804733,23.51455146,0,22.99804733,0,21.01253739,7.047671983,0,0,42.59504598,0,32.44782179,0,40.8,0,0,0,6.792942306,0,55.44586912,0,14.21959508,19.18040612,35.02941149,18.94745182,24.30491984,0,0,5.539527878,1.139370276,3.056386524,12.39749026,2.086352513,0.273449274,5.369170099,0.19047619,26,0,5,0,1,1,0,3,1,4,0,0,4,0,5,2,2,0,0,0,0,0,3.127241906,5,3.7166,99.363,0,0,0,0,0,1,0,0,0,0,0,0,0,0,0,1,0,0,0,0,0,0,0,0,0,0,0,0,0,0,1,0,0,0,3,0,6,0,0,0,0,4,0,0,0,0,0,0,0,0,0,0,0,0,0,2,0,0,0,0,0,0,0,0,0,0,0,0,0,0,0,0,0,1,0,0,0,0,0,0,0,0,0,0,0
159,160,Protopina,"15-metil-7,9,19,21-tetraoxa-15-azapentaciclo[15.7.0.04,12.06,10.018,22]tetracosa-1(17),4,6(10),11,18(22),23-hexaen-3-ona",C20H19NO5,CN1CCc2cc3c(cc2C(=O)Cc2ccc4c(c2C1)OCO4)OCO3,39,13.08556973,13.08556973,0.086081822,0.086081822,0.72554057,18.42307692,353.374,334.222,353.1263227,134,0,0.230817651,-0.453584289,0.453584289,0.230817651,0.923076923,1.692307692,2.576923077,16.70105254,9.920521895,2.263350306,-2.224917533,2.398530153,-2.241600724,5.995580912,0.099004075,3.28411307,1.599674895,907.5599335,17.67299763,14.54049681,14.54049681,12.68667319,8.734588095,8.734588095,6.887378835,6.887378835,5.179806287,5.179806287,3.788810877,3.788810877,-2.73,1989850.677,15.51910035,5.915429177,2.487740823,150.7660775,23.84736155,0,28.78129228,13.58588461,0,0,4.794537184,0,0,0,6.066367068,42.79449779,30.63723742,0,23.741989,5.783244946,0,4.899909731,0,19.38639965,27.178313,46.51927424,0,22.99804733,18.94745182,0,22.99804733,0,37.86146768,19.38639965,0,27.04834315,24.26546827,0,0,0,57.23,0,4.794537184,0,19.36912956,17.73378495,53.44922441,0,0,24.26546827,11.94758171,18.94745182,22.14157357,0,15.32659439,0,3.750111437,2.981929803,7.642299724,1.099588294,1.979470171,2.078432618,0.35,26,0,6,0,3,3,0,2,0,2,0,0,6,0,6,3,0,0,0,0,0,0,3.530851501,5,2.5573,93.2025,0,0,0,0,0,0,0,0,0,0,1,1,0,0,0,1,0,0,0,1,0,0,0,0,0,0,0,0,0,0,0,0,0,0,2,0,5,0,0,0,0,4,0,0,0,0,0,0,0,0,0,1,1,0,0,0,0,0,0,0,0,0,0,0,0,0,0,0,0,0,0,0,0,0,0,0,0,0,0,0,0,0,0,0,0
160,161,Sanguinarina,"24-metil-5,7,18,20-tetraoxa-24-azoniahexaciclo[11.11.0.02,10.04,8.014,22.017,21]tetracosa-1(24),2,4(8),9,11,13,15,17(21),22-nonaeno",C20H14NO4 +,C[n+]1cc2c3OCOc3ccc2c2ccc3cc4OCOc4cc3c12,39,5.691541733,5.691541733,0.275192576,0.275192576,0.365369911,14.76,332.335,318.223,332.0917343,122,0,0.230840966,-0.453571992,0.453571992,0.230840966,0.72,1.48,2.4,16.70093666,9.999028439,2.235480328,-2.080958442,2.424579152,-2.282303823,6.14793965,-0.642274588,3.27514808,1.793299916,1215.392542,16.54324112,13.5358722,13.5358722,12.29282634,8.16495928,8.16495928,6.388924501,6.388924501,5.027817522,5.027817522,3.910298179,3.910298179,-3.21,1824221.454,13.12262691,4.446942406,1.645451791,142.4433611,18.94745182,7.047671983,29.1948909,19.10258533,0,0,0,0,4.567099648,0,6.066367068,35.71805956,5.386224214,16.15867264,23.51455146,32.44782179,0,0,7.047671983,0,13.58588461,42.59504598,0,22.99804733,23.51455146,0,22.99804733,0,13.58588461,7.047671983,0,0,42.59504598,0,32.44782179,0,40.8,0,0,0,13.58588461,0,50.05964491,5.386224214,0,12.13273414,42.07708348,18.94745182,24.43712078,0,0,5.655495979,1.154782691,3.223366169,12.47792968,2.106352513,0.555072653,2.056546202,0.15,25,0,5,0,2,2,0,3,1,4,0,0,4,0,5,3,0,0,0,0,0,0,2.334222644,6,3.4281,92.382,0,0,0,0,0,1,0,0,0,0,0,0,0,0,0,1,0,0,0,0,0,0,0,0,0,0,0,0,0,0,1,0,0,0,3,0,8,0,0,0,0,4,0,0,0,0,0,0,0,0,0,0,0,0,0,0,0,0,0,0,0,0,0,0,0,0,0,0,0,0,0,0,0,1,0,0,0,0,0,0,0,0,0,0,0
161,162,Columbamina,"3,9,10-trimetoxi-5,6-dihidroisoquinolino[2,1-b]isoquinolin-7-io-2-ol", C20H20NO4 +,COc1cc2c(cc1O)-c1cc3ccc(OC)c(OC)c3c[n+]1CC2,39,10.18505535,10.18505535,0.154730009,0.154730009,0.74586109,12.44,338.383,318.223,338.1386845,128,0,0.213054747,-0.504237138,0.504237138,0.213054747,0.96,1.76,2.48,16.50842512,9.948377087,2.263335749,-2.177499876,2.390922473,-2.395571557,5.913299619,-0.685871407,2.64507984,1.964320797,981.3274764,17.55167728,14.49748724,14.49748724,12.1557283,8.143720494,8.143720494,6.087249213,6.087249213,4.807008219,4.807008219,3.558283269,3.558283269,-2.95,695325.363,15.57031267,5.844825261,2.34709551,145.5535302,19.31711626,0,35.73964731,5.693927995,0,0,0,0,4.567099648,0,0,35.21514398,12.48718869,32.27906833,23.8842159,10.77244843,0,0,0,12.96557803,21.32939262,42.09213041,0,34.25542682,18.77768851,0,22.99804733,0,26.43592002,12.96557803,0,5.563451492,36.52867891,0,22.02982792,0,51.8,0,5.106527395,0,5.749511833,11.49902367,40.74491778,5.563451492,27.39575969,18.19910121,16.83031029,14.21058886,18.40004303,0,0,12.25342708,3.272809744,2.11973949,9.766433243,2.969911108,0.853737009,4.863899293,0.25,25,1,5,0,1,1,0,2,1,3,0,0,4,1,5,2,3,0,0,0,0,0,3.640230272,4,3.0818,94.6038,0,0,0,0,0,1,0,1,0,0,0,0,0,0,0,1,0,0,0,0,0,0,0,0,0,0,0,0,0,0,2,0,0,0,2,0,4,0,0,0,0,3,0,0,0,0,0,0,0,0,0,0,0,0,0,3,0,0,0,0,0,0,0,0,0,1,1,0,0,0,0,0,0,1,0,0,0,0,0,0,0,0,0,0,0
162,163,Baicaleína,"5,6,7-trihidroxi-2-fenilcromen-4-ona",C15H10O5,OC1=CC2=C(C(O)=C1O)C(=O)C=C(O2)C1=CC=CC=C1,40,12.04446665,12.04446665,0.003845427,-0.738647119,0.591054666,10.8,270.24,260.16,270.0528234,100,0,0.200849627,-0.504067897,0.504067897,0.200849627,0.9,1.6,2.3,16.34786671,10.10492903,2.165525195,-2.063844096,2.398784507,-2.004304833,5.887403911,0.369740177,2.448692816,2.362332853,849.5071387,14.2756564,10.19958925,10.19958925,9.5753874,5.84857697,5.84857697,4.306968928,4.306968928,3.004747903,3.004747903,2.023564397,2.023564397,-2.95,42910.89291,12.10276211,4.307802294,1.763042678,112.519202,19.73673312,16.72949177,16.92781406,5.749511833,0,0,4.794537184,0,0,0,30.33183534,0,17.69618563,0,19.73673312,10.96924436,0,0,0,0,0,52.68789706,0,28.57223441,5.428790392,0,17.2485355,0,15.31958218,0,0,0,51.6762576,0,22.29294327,0,90.9,22.67732589,20.11411937,0,10.96924436,11.32369891,6.066367068,6.066367068,24.26546827,6.066367068,0,4.417150937,5.514212963,0,12.04446665,28.45764969,0.195009921,-1.665209016,11.28720313,0,0,0,0,20,3,5,0,0,0,0,2,1,3,0,0,5,3,5,1,1,0,0,0,0,0,2.606815318,3,2.5768,72.9144,0,0,0,0,0,0,0,3,0,0,0,0,0,0,0,0,0,0,0,0,0,0,0,0,0,0,0,0,0,0,0,0,0,0,2,0,1,0,0,0,0,0,0,0,0,0,0,0,0,0,0,0,0,0,0,0,0,0,0,0,0,0,0,0,0,3,3,0,0,0,0,0,0,0,0,0,0,0,0,0,0,0,0,0,0
163,164,Baicalina,"ácido (2S,3S,4S,5R,6S)-6-(5,6-dihidroxi-4-oxo-2-fenilcromen-7-il)oxi-3,4,5-trihidroxioxano-2-carboxílico",C21H18O11,O[C@@H]1[C@@H](O)[C@H](OC2=CC3=C(C(=O)C=C(O3)C3=CC=CC=C3)C(O)=C2O)O[C@@H]([C@H]1O)C(O)=O,40,12.53359322,12.53359322,0.164422841,-1.93758767,0.299297442,25.53125,446.364,428.22,446.0849114,168,0,0.335335395,-0.503556216,0.503556216,0.335335395,0.9375,1.625,2.28125,16.71021538,9.987947579,2.479778523,-2.37965975,2.421789877,-2.607050916,5.889943994,-0.270843107,2.769218664,1.765430333,1219.883267,23.15397158,16.15272626,16.15272626,15.18444831,9.360537179,9.360537179,7.138919441,7.138919441,5.046001221,5.046001221,3.378187158,3.378187158,-3.64,13443105.54,21.58670242,8.128947534,3.627770428,178.4743374,44.53004121,35.04139094,23.03178045,12.03953856,0,5.969305288,4.794537184,4.794537184,0,0,30.33183534,0,17.69618563,0,49.3245784,16.93854964,0,0,0,30.70589228,0,52.68789706,0,28.57223441,10.16565335,0,17.2485355,0,67.31436194,9.531400138,0,0,51.6762576,0,22.29294327,0,187.12,59.35252346,35.12171134,0,16.72949177,5.563451492,12.13273414,0,30.33183534,0,0,18.99740424,15.97757397,0,23.78172875,59.21132492,-0.264639672,-3.758403995,10.77458532,-9.555502623,0,0,0.238095238,32,6,11,0,1,1,0,2,1,3,5,0,10,6,11,2,4,0,1,1,0,0,5.483661605,4,0.1422,106.1948,1,3,3,0,0,0,0,2,1,1,1,0,0,0,0,0,0,0,0,0,0,0,0,0,0,0,0,0,0,0,0,0,0,0,2,0,1,0,0,0,0,2,0,0,0,0,0,0,0,0,0,0,0,0,0,0,0,0,0,0,0,0,0,0,0,2,2,0,0,0,0,0,0,0,0,0,0,0,0,0,0,0,0,0,0
164,165,Aucubina,"(2S,3R,4S,5S,6R)-2-[[(1S,4aR,5S,7aS)-5-hidroxi-7-(hidroximetil)-1,4a,5,7a-tetrahidrociclopenta[c]piran-1-il]oxi]-6-(hidroximetil)oxano-3,4,5-triol", C15H22O9,OCC1=C[C@@H](O)[C@@H]2C=CO[C@@H](O[C@@H]3O[C@H](CO)[C@@H](O)[C@H](O)[C@H]3O)[C@H]12,40,10.03881307,10.03881307,0.287730038,-1.557544223,0.296766849,47.91666667,346.332,324.156,346.1263823,136,0,0.208530867,-0.472092708,0.472092708,0.208530867,1,1.75,2.416666667,16.77258963,9.87880045,2.485061005,-2.420691074,2.403379478,-2.598506347,5.250572481,-0.339334547,2.923808249,1.749346891,505.1731947,17.43035694,12.75044324,12.75044324,11.47276421,7.751949937,7.751949937,6.15978731,6.15978731,4.727983578,4.727983578,3.375962625,3.375962625,-1.04,317353.0711,17.77245377,7.062378141,2.97725751,137.5577793,44.84975323,24.41586555,6.290026729,6.290026729,0,0,0,0,0,0,6.076020107,11.64912464,5.917906046,31.49771681,44.84975323,0,0,0,11.83581209,43.0998854,13.21376393,23.98722519,0,0,0,0,0,0,86.9528137,14.21058886,11.83581209,0,23.98722519,0,0,0,149.07,55.62467341,30.63916437,0,12.52478801,5.57310453,0,12.33810056,6.076020107,0,0,14.21058886,16.28615174,0,0,58.3040635,0.533741313,-0.835041388,0,-4.267845516,-0.854402977,0,0.733333333,24,6,9,1,2,3,0,0,0,0,9,0,9,6,9,2,4,0,1,1,0,0,5.229824543,3,-2.8015,77.0208,0,6,6,0,0,0,0,0,0,0,0,0,0,0,0,0,0,0,0,0,0,0,0,0,0,0,0,0,0,0,0,0,0,0,0,0,1,0,0,0,0,3,0,0,0,0,0,0,0,0,0,0,0,0,0,0,0,0,0,0,0,0,0,0,0,0,0,0,0,0,0,0,0,0,0,0,0,0,0,0,0,0,0,0,0
165,166,Ácido vainílico, ácido 4-hidroxi-3-metoxibenzoico,C8H8O4,COC1=CC(=CC=C1O)C([O-])=O,40,10.33207861,10.33207861,0.023472222,-1.29787037,0.659751541,9.416666667,167.14,160.084,167.0349823,64,0,0.160636395,-0.544812691,0.544812691,0.160636395,1.583333333,2.25,2.75,16.47425706,10.17997233,2.015212978,-2.058743531,2.25175041,-2.215211585,5.86187118,-0.254566261,2.045916444,3.13430025,305.926212,9.137828202,6.404009274,6.404009274,5.647065708,3.232261396,3.232261396,2.174085507,2.174085507,1.41542474,1.41542474,0.804597074,0.804597074,-1.71,482.8362807,8.38718173,3.126513567,1.473735688,69.02482218,19.74445493,0,11.49902367,0,0,0,0,0,0,0,0,18.19910121,5.563451492,13.07910283,19.74445493,5.969305288,0,0,0,0,7.109797541,23.7625527,0,11.49902367,9.843390349,0,11.49902367,0,18.18563022,0,0,10.35798868,18.19910121,0,0,0,69.59,5.969305288,9.901064579,0,17.06247516,0,0,25.30889875,0,0,0,9.843390349,4.694675926,0,10.33207861,19.41047525,-0.023472222,-1.270833333,3.682361111,0,0,1.34138133,0.125,12,1,4,0,0,0,0,1,0,1,0,0,4,1,4,0,2,0,0,0,0,0,2.185219789,1,-0.2357,38.9893,0,0,0,0,1,0,0,1,1,1,1,1,0,0,0,0,0,0,0,0,0,0,0,0,0,0,0,0,0,0,0,0,0,0,1,0,0,0,0,0,0,1,0,0,0,0,0,0,0,0,0,0,0,0,0,1,0,0,0,0,0,0,0,0,0,1,1,0,0,0,0,0,0,0,0,0,0,0,0,0,0,0,0,0,0
166,167,Piperolactam A,"15-hidroxi-14-metoxi-10-azatetraciclo[7.6.1.02,7.012,16]hexadeca-1(16),2,4,6,8,12,14-heptaen-11-ona",C16H11NO3,COC1=C(C2=C3C(=C1)C(=O)NC3=CC4=CC=CC=C42)O,41,12.05620654,12.05620654,0.070185185,-0.167957294,0.663761294,12.95,265.268,254.18,265.0738932,98,0,0.256031243,-0.503810007,0.503810007,0.256031243,1.15,1.95,2.75,16.47414589,9.9707522,2.264566368,-2.105320564,2.46116142,-2.037034532,6.300447658,0.102666068,2.769651723,2.336458189,899.2421774,13.85300667,10.72781179,10.72781179,9.7027086,6.272154186,6.272154186,4.824381711,4.824381711,3.777009677,3.777009677,2.890999494,2.890999494,-2.75,70504.25427,11.10825332,3.633570699,1.226386723,114.1379485,15.16017895,0,11.49902367,0,5.907179729,0,4.794537184,0,0,0,24.26546827,22.90518257,10.77244843,18.36063531,14.63792753,33.13946286,0,0,0,0,12.42658615,41.9616539,0,11.49902367,10.05365156,5.687386275,11.49902367,0,18.12350467,0,0,10.35798868,36.39820241,0,21.54489686,0,58.56,0,9.901064579,0,11.65669156,16.69918754,21.84605892,7.109797541,6.066367068,30.33183534,5.316788604,4.736862954,5.185968679,0,12.05620654,16.56469104,1.270422336,0.214128874,11.22990717,0,0,1.478675359,0.0625,20,2,4,0,1,1,1,3,0,3,0,0,3,2,4,1,1,0,0,0,0,0,2.018131188,4,3.2729,77.624,0,0,0,0,0,0,0,1,0,0,1,1,0,0,0,0,1,0,0,0,0,0,0,0,0,0,0,1,0,1,0,0,0,0,3,0,2,0,0,0,0,1,0,0,0,0,0,0,0,0,0,0,0,0,0,1,0,0,0,0,0,0,0,0,0,1,1,0,0,0,0,0,0,0,0,0,0,0,0,0,0,0,0,0,0
167,168,Piperlonguminina,"(2E,4E)-5-(1,3-benzodioxol-5-il)-N-(2-metilpropil)penta-2,4-dienamida",C16H19NO3,O1C2=C(OC1)C=CC(=C2)/C=C/C=C/C(=O)NCC(C)C,41,11.44385127,11.44385127,0.074966039,-0.074966039,0.66259559,13.55,273.332,254.18,273.1364935,106,0,0.243486744,-0.453595078,0.453595078,0.243486744,1.3,2.1,2.9,16.69669688,10.15929048,2.113590951,-2.03220651,2.322082792,-2.247242936,5.873970952,-0.116154025,2.884427864,1.851860284,532.5235643,14.37203272,11.75776059,11.75776059,9.647867046,6.671609065,6.671609065,4.969930679,4.969930679,2.728552873,2.728552873,1.690058594,1.690058594,-2.23,43528.9009,14.1848585,6.797425182,4.15635812,118.6342618,14.79051451,0,11.49902367,12.70012204,0,0,4.794537184,0,0,0,38.14190179,23.61409167,12.62077651,0,14.26826309,11.98319984,0,5.316788604,5.917906046,13.8474744,13.33769871,41.99061302,0,11.49902367,14.79051451,0,11.49902367,0,19.24487844,4.794537184,5.917906046,19.41092589,36.42716153,0,6.076020107,0,47.56,0,4.794537184,0,12.70012204,12.46266245,17.06247516,6.076020107,6.076020107,30.35114142,19.164263,9.473725908,10.54317356,0,11.44385127,2.818583449,1.001378312,1.904743378,5.725457677,6.978944712,5.083867635,0,0.3125,20,1,4,0,1,1,1,1,0,1,0,0,3,1,4,1,5,0,0,0,0,0,4.821025717,2,2.7569,78.5867,0,0,0,0,0,0,0,0,0,0,1,1,0,0,0,0,1,0,0,0,0,0,0,0,0,0,2,1,0,0,0,0,0,0,1,0,1,0,0,0,0,2,0,0,0,0,0,0,0,0,0,0,0,0,0,0,0,0,0,0,0,0,0,0,0,0,0,0,0,0,0,0,0,0,0,0,0,0,0,0,0,0,0,0,0
168,169,Piperaduncina A,"3-[1-[2,4-dihidroxi-6-metoxi-3-(3-fenilpropanoil)fenil]-3-metilbut-2-enil]-4-hidroxibenzoato de metilo",C29H30O7,COC(=O)c1ccc(O)c(C(C=C(C)C)c2c(OC)cc(O)c(C(=O)CCc3ccccc3)c2O)c1,41,13.15524559,13.15524559,0.062787147,-0.809417165,0.205810618,11.44444444,490.552,460.312,490.1991533,188,0,0.337356951,-0.507639045,0.507639045,0.337356951,0.944444444,1.638888889,2.25,16.52354355,9.845285139,2.295947008,-2.225563163,2.470102292,-2.09348362,6.019233104,0.060010478,2.860259688,2.168525299,1288.719985,26.40504844,20.73970047,20.73970047,17.17114151,11.43634682,11.43634682,8.630874095,8.630874095,5.858343369,5.858343369,4.129048098,4.129048098,-4.26,71642594.8,26.3465948,11.44497219,5.684013389,209.8031877,24.79330809,28.56149882,5.783244946,0,0,5.969305288,4.794537184,4.794537184,0,0,41.98095998,44.03084872,29.53199772,19.78304657,34.38238246,11.75255023,0,0,0,32.60702369,14.21959508,94.06368571,0,22.99804733,4.736862954,0,22.99804733,0,41.2917275,11.15768458,0,63.5925339,66.24642825,0,0,0,113.29,29.16947995,24.90865655,0,34.61019976,11.98427311,11.13655602,38.48506336,6.076020107,44.17930974,0,9.473725908,10.26819111,0,25.30946058,32.70397325,2.239987113,-2.708810688,14.95785603,2.259450334,3.674733943,2.628491659,0.24137931,36,3,7,0,0,0,0,3,0,3,1,0,7,3,7,0,9,0,0,0,0,1,8.376001247,3,5.5122,136.1374,0,0,0,0,0,0,0,3,0,0,2,2,0,0,0,0,0,0,0,0,0,0,0,0,0,0,2,0,0,0,1,0,0,0,3,0,0,0,0,0,1,2,0,0,0,0,0,0,0,0,0,1,1,0,0,2,0,0,0,0,0,0,0,0,0,3,3,0,0,0,0,0,0,0,0,0,0,0,0,0,0,0,0,0,0
169,170,Dillapiol,"4,5-dimetoxi-6-prop-2-enil-1,3-benzodioxol",C12H14O4,C=CCc1cc2c(c(OC)c1OC)OCO2,41,5.343054375,5.343054375,0.214672855,0.214672855,0.731418337,12.375,222.24,208.128,222.0892089,86,0,0.231020442,-0.492404633,0.492404633,0.231020442,1.3125,2.0625,2.6875,16.70225424,10.09037628,2.249009344,-2.13266246,2.485225721,-1.967815401,5.635100706,0.170461051,2.747896039,2.580491568,411.9700543,11.5436056,9.409014044,9.409014044,7.81239171,4.957743672,4.957743672,3.328773016,3.328773016,2.42341609,2.42341609,1.76225049,1.76225049,-1.84,6932.941707,10.67029998,4.346019918,1.559793356,94.37980254,18.94745182,0,11.49902367,18.29196597,0,0,0,0,0,6.578935684,6.076020107,12.48718869,5.563451492,14.21959508,18.94745182,0,0,0,0,6.420821623,21.01253739,24.28477435,0,22.99804733,18.94745182,0,22.99804733,0,21.01253739,6.420821623,0,5.563451492,18.72132286,0,0,0,36.92,0,0,0,6.792942306,29.41886896,5.563451492,0,20.29561519,6.066367068,6.578935684,18.94745182,21.31703775,0,0,0,0.970925926,2.544131708,1.894212963,2.495702948,3.926652258,3.184669785,0.333333333,16,0,4,0,1,1,0,1,0,1,0,0,4,0,4,1,4,0,0,0,0,0,2.898333517,2,2.161,59.57,0,0,0,0,0,0,0,0,0,0,0,0,0,0,0,0,0,0,0,0,0,0,0,0,0,0,1,0,0,0,0,0,0,0,1,0,1,0,0,0,0,4,0,0,0,0,0,0,0,0,0,0,0,0,0,2,0,0,0,0,0,0,0,0,0,0,0,0,0,0,0,0,0,0,0,0,0,0,0,0,0,0,0,0,0
170,171,Nerolidol,"(6E)-3,7,11-trimetildodeca-1,6,10-trien-3-ol",C15H26O,[H]C(CCC(C)(O)C=C)=C(C)CCC=C(C)C,41,9.728122899,9.728122899,0.72550649,-0.72550649,0.63309353,15.4375,222.372,196.164,222.1983655,92,0,0.079954329,-0.386091503,0.386091503,0.079954329,1.1875,1.8125,2.3125,16.28147889,9.988449341,2.124938941,-2.163878114,2.150988775,-2.18784531,5.030959077,0.103288397,2.166501831,3.877113807,265.1595388,12.60444801,11.21479831,11.21479831,7.371009241,6.021483854,6.021483854,4.970598441,4.970598441,2.674287611,2.674287611,1.403428011,1.403428011,-0.82,1952.018149,15.18,7.452797027,8.485285194,100.5738653,5.106527395,0,0,0,0,0,0,0,0,6.578935684,29.37426938,53.37823529,0,5.601050811,5.106527395,0,0,0,0,58.9792861,0,35.95320506,0,0,0,0,0,0,10.70757821,0,0,53.37823529,35.95320506,0,0,0,20.23,5.601050811,5.106527395,0,0,0,25.68328649,11.14620906,12.99975731,0,39.5021875,0,0,0,0,9.728122899,2.052042531,0,0,9.979650219,11.82351768,0,0.6,16,1,1,0,0,0,0,0,0,0,1,0,1,1,1,0,7,0,0,0,0,1,7.070841179,0,4.3963,72.4768,0,1,0,0,0,0,0,0,0,0,0,0,0,0,0,0,0,0,0,0,0,0,0,0,0,0,4,0,0,0,0,0,0,0,0,0,0,0,0,0,0,0,0,0,0,0,0,0,0,0,0,0,0,0,0,0,0,0,0,0,0,0,0,0,0,0,0,0,0,0,0,0,0,0,0,0,0,0,0,0,0,0,0,0,0